
-- 활동 지역
insert into sms_adr_l(adr_l_id, name) values(11, '서울시');
insert into sms_adr_l(adr_l_id, name) values(12, '부산시');
insert into sms_adr_l(adr_l_id, name) values(13, '대구시');
insert into sms_adr_l(adr_l_id, name) values(14, '인천시');
insert into sms_adr_l(adr_l_id, name) values(15, '광주시');
insert into sms_adr_l(adr_l_id, name) values(16, '대전시');
insert into sms_adr_l(adr_l_id, name) values(17, '울산시');
insert into sms_adr_l(adr_l_id, name) values(18, '경기도');
insert into sms_adr_l(adr_l_id, name) values(19, '강원도');
insert into sms_adr_l(adr_l_id, name) values(20, '충청도');
insert into sms_adr_l(adr_l_id, name) values(21, '전라도');
insert into sms_adr_l(adr_l_id, name) values(22, '경상도');
insert into sms_adr_l(adr_l_id, name) values(23, '제주도');

insert into sms_adr_m(adr_m_id, adr_l_id, name) values(11, 12, '중구');
insert into sms_adr_m(adr_m_id, adr_l_id, name) values(12, 12, '서구');
insert into sms_adr_m(adr_m_id, adr_l_id, name) values(13, 12, '동구');
insert into sms_adr_m(adr_m_id, adr_l_id, name) values(14, 12, '영도구');
insert into sms_adr_m(adr_m_id, adr_l_id, name) values(15, 12, '부산진구');
insert into sms_adr_m(adr_m_id, adr_l_id, name) values(16, 12, '동래구');
insert into sms_adr_m(adr_m_id, adr_l_id, name) values(17, 12, '남구');
insert into sms_adr_m(adr_m_id, adr_l_id, name) values(18, 12, '북구');
insert into sms_adr_m(adr_m_id, adr_l_id, name) values(19, 12, '강서구');
insert into sms_adr_m(adr_m_id, adr_l_id, name) values(20, 12, '해운대구');
insert into sms_adr_m(adr_m_id, adr_l_id, name) values(21, 12, '사하구');
insert into sms_adr_m(adr_m_id, adr_l_id, name) values(22, 12, '금정구');
insert into sms_adr_m(adr_m_id, adr_l_id, name) values(23, 12, '연제구');
insert into sms_adr_m(adr_m_id, adr_l_id, name) values(24, 12, '수영구');
insert into sms_adr_m(adr_m_id, adr_l_id, name) values(25, 12, '사상구');
insert into sms_adr_m(adr_m_id, adr_l_id, name) values(26, 12, '기장군');


insert into sms_adr_s(adr_s_id, adr_m_id, adr_l_id, name) values(11, 19, 12, '대저동');
insert into sms_adr_s(adr_s_id, adr_m_id, adr_l_id, name) values(12, 19, 12, '강동동');
insert into sms_adr_s(adr_s_id, adr_m_id, adr_l_id, name) values(13, 19, 12, '명지동');
insert into sms_adr_s(adr_s_id, adr_m_id, adr_l_id, name) values(14, 19, 12, '가락동');
insert into sms_adr_s(adr_s_id, adr_m_id, adr_l_id, name) values(15, 19, 12, '녹산동');
insert into sms_adr_s(adr_s_id, adr_m_id, adr_l_id, name) values(16, 19, 12, '가덕도동');

insert into sms_adr_s(adr_s_id, adr_m_id, adr_l_id, name) values(11, 22, 12, '서동');
insert into sms_adr_s(adr_s_id, adr_m_id, adr_l_id, name) values(12, 22, 12, '금사회동동');
insert into sms_adr_s(adr_s_id, adr_m_id, adr_l_id, name) values(13, 22, 12, '부곡동');
insert into sms_adr_s(adr_s_id, adr_m_id, adr_l_id, name) values(14, 22, 12, '장전동');
insert into sms_adr_s(adr_s_id, adr_m_id, adr_l_id, name) values(15, 22, 12, '선두구동');
insert into sms_adr_s(adr_s_id, adr_m_id, adr_l_id, name) values(16, 22, 12, '청룡노포동');
insert into sms_adr_s(adr_s_id, adr_m_id, adr_l_id, name) values(17, 22, 12, '구서동');
insert into sms_adr_s(adr_s_id, adr_m_id, adr_l_id, name) values(18, 22, 12, '금성동');

insert into sms_adr_m(adr_m_id, adr_l_id, name) values(11, 14, '중구');
insert into sms_adr_m(adr_m_id, adr_l_id, name) values(12, 14, '동구');
insert into sms_adr_m(adr_m_id, adr_l_id, name) values(13, 14, '미추홀구');
insert into sms_adr_m(adr_m_id, adr_l_id, name) values(14, 14, '연수구');
insert into sms_adr_m(adr_m_id, adr_l_id, name) values(15, 14, '남동구');
insert into sms_adr_m(adr_m_id, adr_l_id, name) values(16, 14, '부평구');
insert into sms_adr_m(adr_m_id, adr_l_id, name) values(17, 14, '계양구');
insert into sms_adr_m(adr_m_id, adr_l_id, name) values(18, 14, '서구');
insert into sms_adr_m(adr_m_id, adr_l_id, name) values(19, 14, '강화군');
insert into sms_adr_m(adr_m_id, adr_l_id, name) values(20, 14, '옹진군');


insert into sms_adr_s(adr_s_id, adr_m_id, adr_l_id, name) values(11, 11, 14, '신포동');
insert into sms_adr_s(adr_s_id, adr_m_id, adr_l_id, name) values(12, 11, 14, '연안동');
insert into sms_adr_s(adr_s_id, adr_m_id, adr_l_id, name) values(13, 11, 14, '신흥동');
insert into sms_adr_s(adr_s_id, adr_m_id, adr_l_id, name) values(14, 11, 14, '도원동');
insert into sms_adr_s(adr_s_id, adr_m_id, adr_l_id, name) values(15, 11, 14, '율목동');
insert into sms_adr_s(adr_s_id, adr_m_id, adr_l_id, name) values(16, 11, 14, '동인천동');
insert into sms_adr_s(adr_s_id, adr_m_id, adr_l_id, name) values(17, 11, 14, '북성동');
insert into sms_adr_s(adr_s_id, adr_m_id, adr_l_id, name) values(18, 11, 14, '송월동');
insert into sms_adr_s(adr_s_id, adr_m_id, adr_l_id, name) values(19, 11, 14, '영종동');
insert into sms_adr_s(adr_s_id, adr_m_id, adr_l_id, name) values(20, 11, 14, '운서동');
insert into sms_adr_s(adr_s_id, adr_m_id, adr_l_id, name) values(21, 11, 14, '용유동');

insert into sms_adr_s(adr_s_id, adr_m_id, adr_l_id, name) values(11, 16, 14, '부평동');
insert into sms_adr_s(adr_s_id, adr_m_id, adr_l_id, name) values(12, 16, 14, '산곡동');
insert into sms_adr_s(adr_s_id, adr_m_id, adr_l_id, name) values(13, 16, 14, '청천동');
insert into sms_adr_s(adr_s_id, adr_m_id, adr_l_id, name) values(14, 16, 14, '갈산동');
insert into sms_adr_s(adr_s_id, adr_m_id, adr_l_id, name) values(15, 16, 14, '삼산동');
insert into sms_adr_s(adr_s_id, adr_m_id, adr_l_id, name) values(16, 16, 14, '부개동');
insert into sms_adr_s(adr_s_id, adr_m_id, adr_l_id, name) values(17, 16, 14, '일신동');
insert into sms_adr_s(adr_s_id, adr_m_id, adr_l_id, name) values(18, 16, 14, '십정동');

insert into sms_adr_s(adr_s_id, adr_m_id, adr_l_id, name) values(11, 15, 14, '구월동');
insert into sms_adr_s(adr_s_id, adr_m_id, adr_l_id, name) values(12, 15, 14, '간석동');
insert into sms_adr_s(adr_s_id, adr_m_id, adr_l_id, name) values(13, 15, 14, '만수동');
insert into sms_adr_s(adr_s_id, adr_m_id, adr_l_id, name) values(14, 15, 14, '장수서창동');
insert into sms_adr_s(adr_s_id, adr_m_id, adr_l_id, name) values(15, 15, 14, '서창동');
insert into sms_adr_s(adr_s_id, adr_m_id, adr_l_id, name) values(16, 15, 14, '남촌도림동');
insert into sms_adr_s(adr_s_id, adr_m_id, adr_l_id, name) values(17, 15, 14, '논현동');
insert into sms_adr_s(adr_s_id, adr_m_id, adr_l_id, name) values(18, 15, 14, '논현고잔동');

insert into sms_adr_m(adr_m_id, adr_l_id, name) values(11, 11, '종로구');
insert into sms_adr_m(adr_m_id, adr_l_id, name) values(12, 11, '중구');
insert into sms_adr_m(adr_m_id, adr_l_id, name) values(13, 11, '용산구');
insert into sms_adr_m(adr_m_id, adr_l_id, name) values(14, 11, '성동구');
insert into sms_adr_m(adr_m_id, adr_l_id, name) values(15, 11, '광진구');
insert into sms_adr_m(adr_m_id, adr_l_id, name) values(16, 11, '동대문구');
insert into sms_adr_m(adr_m_id, adr_l_id, name) values(17, 11, '중랑구');
insert into sms_adr_m(adr_m_id, adr_l_id, name) values(18, 11, '성북구');
insert into sms_adr_m(adr_m_id, adr_l_id, name) values(19, 11, '강북구');
insert into sms_adr_m(adr_m_id, adr_l_id, name) values(20, 11, '도봉구');

insert into sms_adr_m(adr_m_id, adr_l_id, name) values(21, 11, '노원구');
insert into sms_adr_m(adr_m_id, adr_l_id, name) values(22, 11, '은평구');
insert into sms_adr_m(adr_m_id, adr_l_id, name) values(23, 11, '서대문구');
insert into sms_adr_m(adr_m_id, adr_l_id, name) values(24, 11, '마포구');
insert into sms_adr_m(adr_m_id, adr_l_id, name) values(25, 11, '양천구');
insert into sms_adr_m(adr_m_id, adr_l_id, name) values(26, 11, '강서구');
insert into sms_adr_m(adr_m_id, adr_l_id, name) values(27, 11, '구로구');
insert into sms_adr_m(adr_m_id, adr_l_id, name) values(28, 11, '금천구');
insert into sms_adr_m(adr_m_id, adr_l_id, name) values(29, 11, '영등포구');
insert into sms_adr_m(adr_m_id, adr_l_id, name) values(30, 11, '동작구');

insert into sms_adr_m(adr_m_id, adr_l_id, name) values(31, 11, '관악구');
insert into sms_adr_m(adr_m_id, adr_l_id, name) values(32, 11, '서초구');
insert into sms_adr_m(adr_m_id, adr_l_id, name) values(33, 11, '강남구');
insert into sms_adr_m(adr_m_id, adr_l_id, name) values(34, 11, '송파구');
insert into sms_adr_m(adr_m_id, adr_l_id, name) values(35, 11, '강동구');


insert into sms_adr_s(adr_s_id, adr_m_id, adr_l_id, name) values(11, 33, 11, '신사동');
insert into sms_adr_s(adr_s_id, adr_m_id, adr_l_id, name) values(12, 33, 11, '논현동');
insert into sms_adr_s(adr_s_id, adr_m_id, adr_l_id, name) values(13, 33, 11, '압구정동');
insert into sms_adr_s(adr_s_id, adr_m_id, adr_l_id, name) values(14, 33, 11, '청담동');
insert into sms_adr_s(adr_s_id, adr_m_id, adr_l_id, name) values(15, 33, 11, '삼성동');
insert into sms_adr_s(adr_s_id, adr_m_id, adr_l_id, name) values(16, 33, 11, '대치동');
insert into sms_adr_s(adr_s_id, adr_m_id, adr_l_id, name) values(17, 33, 11, '역삼동');
insert into sms_adr_s(adr_s_id, adr_m_id, adr_l_id, name) values(18, 33, 11, '도곡동');
insert into sms_adr_s(adr_s_id, adr_m_id, adr_l_id, name) values(19, 33, 11, '개포동');
insert into sms_adr_s(adr_s_id, adr_m_id, adr_l_id, name) values(20, 33, 11, '세곡동');
insert into sms_adr_s(adr_s_id, adr_m_id, adr_l_id, name) values(21, 33, 11, '일원동');
insert into sms_adr_s(adr_s_id, adr_m_id, adr_l_id, name) values(22, 33, 11, '수서동');

insert into sms_adr_s(adr_s_id, adr_m_id, adr_l_id, name) values(11, 35, 11, '강일동');
insert into sms_adr_s(adr_s_id, adr_m_id, adr_l_id, name) values(12, 35, 11, '상일동');
insert into sms_adr_s(adr_s_id, adr_m_id, adr_l_id, name) values(13, 35, 11, '명일동');
insert into sms_adr_s(adr_s_id, adr_m_id, adr_l_id, name) values(14, 35, 11, '고덕동');
insert into sms_adr_s(adr_s_id, adr_m_id, adr_l_id, name) values(15, 35, 11, '암사동');
insert into sms_adr_s(adr_s_id, adr_m_id, adr_l_id, name) values(16, 35, 11, '천호동');
insert into sms_adr_s(adr_s_id, adr_m_id, adr_l_id, name) values(17, 35, 11, '성내동');
insert into sms_adr_s(adr_s_id, adr_m_id, adr_l_id, name) values(18, 35, 11, '길동');
insert into sms_adr_s(adr_s_id, adr_m_id, adr_l_id, name) values(19, 35, 11, '둔촌동');


-- 스터디 분류
insert into sms_std_cls_l(cls_l_id, name) values(11, 'IT');
insert into sms_std_cls_l(cls_l_id, name) values(12, '서비스');
insert into sms_std_cls_l(cls_l_id, name) values(13, '금융');
insert into sms_std_cls_l(cls_l_id, name) values(14, '예체능');
insert into sms_std_cls_l(cls_l_id, name) values(15, '인문');
insert into sms_std_cls_l(cls_l_id, name) values(16, '공학');
insert into sms_std_cls_l(cls_l_id, name) values(17, '외국어');


insert into sms_std_cls_m(cls_m_id, cls_l_id, name) values(11, 15, '정치학');
insert into sms_std_cls_m(cls_m_id, cls_l_id, name) values(12, 15, '사회학');
insert into sms_std_cls_m(cls_m_id, cls_l_id, name) values(13, 15, '경제학');
insert into sms_std_cls_m(cls_m_id, cls_l_id, name) values(14, 15, '사학');
insert into sms_std_cls_m(cls_m_id, cls_l_id, name) values(15, 15, '철학');
insert into sms_std_cls_m(cls_m_id, cls_l_id, name) values(16, 15, '종교학');
insert into sms_std_cls_m(cls_m_id, cls_l_id, name) values(17, 15, '수학');


insert into sms_std_cls_s(cls_s_id, cls_m_id, cls_l_id, name) values(11, 13, 15, '이론경제');
insert into sms_std_cls_s(cls_s_id, cls_m_id, cls_l_id, name) values(12, 13, 15, '실증경제');
insert into sms_std_cls_s(cls_s_id, cls_m_id, cls_l_id, name) values(13, 13, 15, '재정학');
insert into sms_std_cls_s(cls_s_id, cls_m_id, cls_l_id, name) values(14, 13, 15, '산업조직론');

insert into sms_std_cls_s(cls_s_id, cls_m_id, cls_l_id, name) values(11, 14, 15, '고고학');
insert into sms_std_cls_s(cls_s_id, cls_m_id, cls_l_id, name) values(12, 14, 15, '미술사학');
insert into sms_std_cls_s(cls_s_id, cls_m_id, cls_l_id, name) values(13, 14, 15, '한국사');
insert into sms_std_cls_s(cls_s_id, cls_m_id, cls_l_id, name) values(14, 14, 15, '세계사');


insert into sms_std_cls_m(cls_m_id, cls_l_id, name) values(11, 16, '기계공학');
insert into sms_std_cls_m(cls_m_id, cls_l_id, name) values(12, 16, '전기전자공학');
insert into sms_std_cls_m(cls_m_id, cls_l_id, name) values(13, 16, '토목공학');
insert into sms_std_cls_m(cls_m_id, cls_l_id, name) values(14, 16, '화학공학');
insert into sms_std_cls_m(cls_m_id, cls_l_id, name) values(15, 16, '환경공학');
insert into sms_std_cls_m(cls_m_id, cls_l_id, name) values(16, 16, '재료공학');


insert into sms_std_cls_s(cls_s_id, cls_m_id, cls_l_id, name) values(11, 11, 16, '생산설비');
insert into sms_std_cls_s(cls_s_id, cls_m_id, cls_l_id, name) values(12, 11, 16, '로봇기계');
insert into sms_std_cls_s(cls_s_id, cls_m_id, cls_l_id, name) values(13, 11, 16, '자동차기계');
insert into sms_std_cls_s(cls_s_id, cls_m_id, cls_l_id, name) values(14, 11, 16, '산업기계');
                                                                              

insert into sms_std_cls_s(cls_s_id, cls_m_id, cls_l_id, name) values(11, 12, 16, '집적회로');
insert into sms_std_cls_s(cls_s_id, cls_m_id, cls_l_id, name) values(12, 12, 16, '통신');
insert into sms_std_cls_s(cls_s_id, cls_m_id, cls_l_id, name) values(13, 12, 16, '반도체');
insert into sms_std_cls_s(cls_s_id, cls_m_id, cls_l_id, name) values(14, 12, 16, '제어공학');

insert into sms_std_cls_m(cls_m_id, cls_l_id, name) values(11, 17, '영어');
insert into sms_std_cls_m(cls_m_id, cls_l_id, name) values(12, 17, '중국어');
insert into sms_std_cls_m(cls_m_id, cls_l_id, name) values(13, 17, '일본어');
insert into sms_std_cls_m(cls_m_id, cls_l_id, name) values(14, 17, '독일어');
insert into sms_std_cls_m(cls_m_id, cls_l_id, name) values(15, 17, '불어');
insert into sms_std_cls_m(cls_m_id, cls_l_id, name) values(16, 17, '아랍어');


insert into sms_std_cls_s(cls_s_id, cls_m_id, cls_l_id, name) values(11, 11, 17, '회화');
insert into sms_std_cls_s(cls_s_id, cls_m_id, cls_l_id, name) values(12, 11, 17, '문법');
insert into sms_std_cls_s(cls_s_id, cls_m_id, cls_l_id, name) values(13, 11, 17, '단어');
insert into sms_std_cls_s(cls_s_id, cls_m_id, cls_l_id, name) values(14, 11, 17, '자격증');
insert into sms_std_cls_s(cls_s_id, cls_m_id, cls_l_id, name) values(15, 11, 17, '수능');

insert into sms_std_cls_s(cls_s_id, cls_m_id, cls_l_id, name) values(11, 12, 17, '회화');
insert into sms_std_cls_s(cls_s_id, cls_m_id, cls_l_id, name) values(12, 12, 17, '문법');
insert into sms_std_cls_s(cls_s_id, cls_m_id, cls_l_id, name) values(13, 12, 17, '단어');
insert into sms_std_cls_s(cls_s_id, cls_m_id, cls_l_id, name) values(14, 12, 17, '자격증');
insert into sms_std_cls_s(cls_s_id, cls_m_id, cls_l_id, name) values(15, 12, 17, '수능');

insert into sms_std_cls_m(cls_m_id, cls_l_id, name) values(11, 13, '재태크');
insert into sms_std_cls_m(cls_m_id, cls_l_id, name) values(12, 13, '자산관리');

insert into sms_std_cls_s(cls_s_id, cls_m_id, cls_l_id, name) values(11, 11, 13, '경매');
insert into sms_std_cls_s(cls_s_id, cls_m_id, cls_l_id, name) values(12, 11, 13, '주식');
insert into sms_std_cls_s(cls_s_id, cls_m_id, cls_l_id, name) values(13, 11, 13, '부동산');


insert into sms_std_cls_s(cls_s_id, cls_m_id, cls_l_id, name) values(11, 12, 13, '재무설계');
insert into sms_std_cls_s(cls_s_id, cls_m_id, cls_l_id, name) values(12, 12, 13, '보험');


insert into sms_std_cls_m(cls_m_id, cls_l_id, name) values(11, 14, '체육');
insert into sms_std_cls_m(cls_m_id, cls_l_id, name) values(12, 14, '미술');
insert into sms_std_cls_m(cls_m_id, cls_l_id, name) values(13, 14, '음악');

insert into sms_std_cls_s(cls_s_id, cls_m_id, cls_l_id, name) values(11, 11, 14, '생활 체육');
insert into sms_std_cls_s(cls_s_id, cls_m_id, cls_l_id, name) values(12, 11, 14, '입시 체육');
insert into sms_std_cls_s(cls_s_id, cls_m_id, cls_l_id, name) values(13, 11, 14, '공시 체육');
insert into sms_std_cls_s(cls_s_id, cls_m_id, cls_l_id, name) values(14, 11, 14, '헬스');

insert into sms_std_cls_s(cls_s_id, cls_m_id, cls_l_id, name) values(11, 12, 14, '입시 미술');
insert into sms_std_cls_s(cls_s_id, cls_m_id, cls_l_id, name) values(12, 12, 14, '조각');
insert into sms_std_cls_s(cls_s_id, cls_m_id, cls_l_id, name) values(13, 12, 14, '회화');
insert into sms_std_cls_s(cls_s_id, cls_m_id, cls_l_id, name) values(14, 12, 14, '공예');
insert into sms_std_cls_s(cls_s_id, cls_m_id, cls_l_id, name) values(15, 12, 14, '사진');

insert into sms_std_cls_s(cls_s_id, cls_m_id, cls_l_id, name) values(11, 13, 14, '입시 음악');
insert into sms_std_cls_s(cls_s_id, cls_m_id, cls_l_id, name) values(12, 13, 14, '기타');
insert into sms_std_cls_s(cls_s_id, cls_m_id, cls_l_id, name) values(13, 13, 14, '보컬');


insert into sms_std_cls_m(cls_m_id, cls_l_id, name) values(11, 11, '웹 개발');
insert into sms_std_cls_m(cls_m_id, cls_l_id, name) values(12, 11, '모바일 앱');
insert into sms_std_cls_m(cls_m_id, cls_l_id, name) values(13, 11, '게임');
insert into sms_std_cls_m(cls_m_id, cls_l_id, name) values(14, 11, '기타');

insert into sms_std_cls_m(cls_m_id, cls_l_id, name) values(11, 12, '의료');
insert into sms_std_cls_m(cls_m_id, cls_l_id, name) values(12, 12, '패션');
insert into sms_std_cls_m(cls_m_id, cls_l_id, name) values(13, 12, '영업');
insert into sms_std_cls_m(cls_m_id, cls_l_id, name) values(14, 12, '운수');

insert into sms_std_cls_s(cls_s_id, cls_m_id, cls_l_id, name) values(11, 11, 11, '웹사이트 제작');
insert into sms_std_cls_s(cls_s_id, cls_m_id, cls_l_id, name) values(12, 11, 11, '퍼블리싱');
insert into sms_std_cls_s(cls_s_id, cls_m_id, cls_l_id, name) values(13, 11, 11, '보안');
insert into sms_std_cls_s(cls_s_id, cls_m_id, cls_l_id, name) values(14, 11, 11, '기획');
insert into sms_std_cls_s(cls_s_id, cls_m_id, cls_l_id, name) values(15, 11, 11, 'UX/UI');

insert into sms_std_cls_s(cls_s_id, cls_m_id, cls_l_id, name) values(11, 12, 11, '네이티브앱');
insert into sms_std_cls_s(cls_s_id, cls_m_id, cls_l_id, name) values(12, 12, 11, '하이브리드앱');
insert into sms_std_cls_s(cls_s_id, cls_m_id, cls_l_id, name) values(13, 12, 11, 'UX/UI');

insert into sms_std_cls_s(cls_s_id, cls_m_id, cls_l_id, name) values(11, 13, 11, '2D');
insert into sms_std_cls_s(cls_s_id, cls_m_id, cls_l_id, name) values(12, 13, 11, '3D');
insert into sms_std_cls_s(cls_s_id, cls_m_id, cls_l_id, name) values(13, 13, 11, '서버');

insert into sms_std_cls_s(cls_s_id, cls_m_id, cls_l_id, name) values(11, 14, 11, '블록체인');
insert into sms_std_cls_s(cls_s_id, cls_m_id, cls_l_id, name) values(12, 14, 11, 'AR/VR');
insert into sms_std_cls_s(cls_s_id, cls_m_id, cls_l_id, name) values(13, 14, 11, '핀테크');

insert into sms_std_cls_s(cls_s_id, cls_m_id, cls_l_id, name) values(11, 11, 12, '해부학');
insert into sms_std_cls_s(cls_s_id, cls_m_id, cls_l_id, name) values(12, 11, 12, '병리학');
insert into sms_std_cls_s(cls_s_id, cls_m_id, cls_l_id, name) values(13, 11, 12, '생화학');

insert into sms_std_cls_s(cls_s_id, cls_m_id, cls_l_id, name) values(11, 12, 12, '패션디자인');
insert into sms_std_cls_s(cls_s_id, cls_m_id, cls_l_id, name) values(12, 12, 12, '모델');
insert into sms_std_cls_s(cls_s_id, cls_m_id, cls_l_id, name) values(13, 12, 12, '코디네이션');

-- 탈퇴 추방 완료 분류
insert into sms_end_state_cls(end_state_cls_id, name) values(1, "완료");
insert into sms_end_state_cls(end_state_cls_id, name) values(2, "탈퇴");
insert into sms_end_state_cls(end_state_cls_id, name) values(3, "추방");


-- 회원 생성
  -- 관리자
insert into sms_member (member_id, pwd, email, name, nick_name, birth, tel, admin, adr_lms)
  values(1, password('1111'), 'admin@test.com', '관리자', '스터디부트', '1993-05-16', '010-1111-1111', true, '111111');
  -- 일반
  insert into sms_member (member_id, pwd, email, name, nick_name, rate, birth, tel, adr_lms)
  values(2, password('1111'), 'tkdgus@naver.com', '박상현', '빠삐코오', 3.0, '1991-03-23', '010-1234-1234', '113321');
  insert into sms_member (member_id, pwd, email, name, nick_name, rate, birth, tel, adr_lms)
  values(3, password('1111'), 'wlghks@naver.com', '최지환', '지환짱짱', 3.0, '1994-04-25', '010-3333-3333', '141517');
  insert into sms_member (member_id, pwd, email, name, nick_name, rate, birth, tel, adr_lms)
  values(4, password('1111'), 'gmldnr@naver.com', '지희욱', '노채팅선생', 3.0, '1993-11-15', '010-4444-4444', '122213');
  insert into sms_member (member_id, pwd, email, name, nick_name, rate, birth, tel, adr_lms)
  values(5, password('1111'), 'tkdals@naver.com', '박상민', '사십이피', 3.0, '1994-04-02', '010-5555-5555', '113516');
  insert into sms_member (member_id, pwd, email, name, nick_name, rate, birth, tel, adr_lms)
  values(6, password('1111'), 'gusdn@naver.com', '임현우', '베라알바생', 3.0, '1993-12-02', '010-4444-4444', '141611');
  insert into sms_member (member_id, pwd, email, name, nick_name, rate, birth, tel, adr_lms)
  values(7, password('1111'), 'eom@naver.com', '엄진영', '자바엄티쳐', 3.0, '1972-05-16', '010-5555-5555', '121914');
  insert into sms_member (member_id, pwd, email, name, nick_name, birth, tel, adr_lms)   
  values(8, password('1111'), 'xodus@naver.com', '김태연', '멋진남자', '1992-04-02', '010-1111-1111','141116');
    insert into sms_member (member_id, pwd, email, name, nick_name, birth, tel, adr_lms)   
  values(9, password('1111'), 'wndus@naver.com', '이주연', '주연배우', '1993-08-20', '010-1111-1111','122216');

  insert into sms_member (member_id, pwd, email, name, nick_name, birth, tel, adr_lms)   
  values(10, password('1111'), 'elql1@naver.com', '디비1', '디비', '1993-08-20', '010-1111-1111','122216');
  insert into sms_member (member_id, pwd, email, name, nick_name, birth, tel, adr_lms)   
  values(11, password('1111'), 'elql2@naver.com', '디비2', '디비', '1993-08-20', '010-1111-1111','132116');
    insert into sms_member (member_id, pwd, email, name, nick_name, birth, tel, adr_lms)   
  values(12, password('1111'), 'elql3@naver.com', '디비3', '디비', '1993-08-20', '010-1111-1111','142215');
    insert into sms_member (member_id, pwd, email, name, nick_name, birth, tel, adr_lms)   
  values(13, password('1111'), 'elql4@naver.com', '디비4', '디비', '1993-08-20', '010-1111-1111','122215');