-- 스터디 테이블
-- 스터디 이름, 활동지역, 스터디 분류, ㄴ스터디 사진, 스터디 시작일, 스터디 종료일, 스터디 목표, 스터디 설명, 스터디 최대인원

-- 스터디 생성 입력
insert into sms_std(adr_lms, cls_lms, name, photo, day, sdt, edt, goal, cont, prsn, rate)
values('121111', '111111', '스터디1', '사진', 64, '2019-05-11', '2019-06-11', '정처기 합격', '열심히 공부합시다1.',  5,   3);
insert into sms_std(adr_lms, cls_lms, name, photo, day, sdt, edt, goal, cont, prsn, rate)
values('111112', '111112', '스터디2', '사진', 1, '2019-05-12', '2019-06-12', '박상민 합격', '열심히 공부합시다2.',   3,   4);
insert into sms_std(adr_lms, cls_lms, name, photo, day, sdt, edt, goal, cont, prsn, rate)
values('121211', '111211', '스터디3', '사진', 96, '2019-05-13', '2019-06-13', '박상현 합격', '열심히 공부합시다3.',  6, 4.5);
insert into sms_std(adr_lms, cls_lms, name, photo, day, sdt, edt, goal, cont, prsn, rate)
values('111212', '111212', '스터디4', '사진', 21, '2019-05-14', '2019-06-14', '지희욱 합격', '열심히 공부합시다4.',  3, 3.5);
insert into sms_std(adr_lms, cls_lms, name, photo, day, sdt, edt, goal, cont, prsn, rate)
values('121311', '111311', '스터디5', '사진', 3, '2019-05-15', '2019-06-15', '임현우 합격', '열심히 공부합시다5.',   5,  3.1);
insert into sms_std(adr_lms, cls_lms, name, photo, day, sdt, edt, goal, cont, prsn, rate)
values('111312', '111312', '스터디6', '사진', 3, '2019-05-15', '2019-06-15', '임현우 합격', '열심히 공부합시다5.',   5,  2.5);
insert into sms_std(adr_lms, cls_lms, name, photo, day, sdt, edt, goal, cont, prsn, rate)
values('121411', '111411', '스터디7', '사진', 127, '2019-05-16', '2019-06-16', '최지환 합격', '열심히 공부합시다6.',  4 ,  3.25);
insert into sms_std(adr_lms, cls_lms, name, photo, day, sdt, edt, goal, cont, prsn, rate)
values('111412', '111412', '스터디8', '사진', 127, '2019-05-16', '2019-06-16', '최지환 합격', '열심히 공부합시다6.',  6 ,  1.8 );

insert into sms_std(adr_lms, cls_lms, name, photo, day, sdt, edt, goal, cont, prsn, rate)
values('111111', '121111', '스터디9', '사진', 64, '2019-05-11', '2019-06-11', '정처기 합격', '열심히 공부합합시다1.',  5,   3);                    
insert into sms_std(adr_lms, cls_lms, name, photo, day, sdt, edt, goal, cont, prsn, rate)                                                             
values('121112', '121112', '스터디10', '사진', 1, '2019-05-12', '2019-06-12', '박상민 합격', '열심히 공부합시다2.',   3,   4);                    
insert into sms_std(adr_lms, cls_lms, name, photo, day, sdt, edt, goal, cont, prsn, rate)                                                             
values('111211', '121211', '스터디11', '사진', 96, '2019-05-13', '2019-06-13', '박상현 합격', '열심히 공부합시다3.',  6, 4.5);                    
insert into sms_std(adr_lms, cls_lms, name, photo, day, sdt, edt, goal, cont, prsn, rate)                                                             
values('121212', '121212', '스터디12', '사진', 21, '2019-05-14', '2019-06-14', '지희욱 합격', '열심히 공부합시다4.',  3, 3.5);                    
insert into sms_std(adr_lms, cls_lms, name, photo, day, sdt, edt, goal, cont, prsn, rate)                                                             
values('111311', '121311', '스터디13', '사진', 3, '2019-05-15', '2019-06-15', '임현우 합격', '열심히 공부합시다5.',   5,  3.1);                   
insert into sms_std(adr_lms, cls_lms, name, photo, day, sdt, edt, goal, cont, prsn, rate)                                                             
values('121312', '121312', '스터디14', '사진', 3, '2019-05-15', '2019-06-15', '임현우 합격', '열심히 공부합시다5.',   5,  2.5);                   
insert into sms_std(adr_lms, cls_lms, name, photo, day, sdt, edt, goal, cont, prsn, rate)                                                             
values('111411', '121411', '스터디15', '사진', 127, '2019-05-16', '2019-06-16', '최지환 합격', '열심히 공부부합시다6.',  4 ,  3.25);                 
insert into sms_std(adr_lms, cls_lms, name, photo, day, sdt, edt, goal, cont, prsn, rate)                                                             
values('121412', '121412', '스터디16', '사진', 127, '2019-05-16', '2019-06-16', '최지환 합격', '열심히 공부부합시다6.',  6 ,  1.8 );                 
                                                                                                                                              
insert into sms_std(adr_lms, cls_lms, name, photo, day, sdt, edt, goal, cont, prsn, rate)
values('131111', '131111', '스터디17', '사진', 64, '2019-05-11', '2019-06-11', '정처기 합격', '열심히 공합시다1.',  5,   3);    
insert into sms_std(adr_lms, cls_lms, name, photo, day, sdt, edt, goal, cont, prsn, rate)                                          
values('131112', '131112', '스터디18', '사진', 1, '2019-05-12', '2019-06-12', '박상민 합격', '열심히 공시다2.',   3,   4);    
insert into sms_std(adr_lms, cls_lms, name, photo, day, sdt, edt, goal, cont, prsn, rate)                                          
values('131211', '131211', '스터디19', '사진', 96, '2019-05-13', '2019-06-13', '박상현 합격', '열심히 공합시다3.',  6, 4.5);    
insert into sms_std(adr_lms, cls_lms, name, photo, day, sdt, edt, goal, cont, prsn, rate)                                          
values('131212', '131212', '스터디20', '사진', 21, '2019-05-14', '2019-06-14', '지희욱 합격', '열심히 공합시다4.',  3, 3.5);    
insert into sms_std(adr_lms, cls_lms, name, photo, day, sdt, edt, goal, cont, prsn, rate)                                          
values('131311', '131311', '스터디21', '사진', 3, '2019-05-15', '2019-06-15', '임현우 합격', '열심히 공시다5.',   5,  3.1);   
insert into sms_std(adr_lms, cls_lms, name, photo, day, sdt, edt, goal, cont, prsn, rate)                                          
values('131312', '131312', '스터디22', '사진', 3, '2019-05-15', '2019-06-15', '임현우 합격', '열심히 공시다5.',   5,  2.5);   
insert into sms_std(adr_lms, cls_lms, name, photo, day, sdt, edt, goal, cont, prsn, rate)                                          
values('131411', '131411', '스터디23', '사진', 127, '2019-05-16', '2019-06-16', '최지환 합격', '열심히 부합시다6.',  4,   3.25); 
insert into sms_std(adr_lms, cls_lms, name, photo, day, sdt, edt, goal, cont, prsn, rate)                                          
values('131412', '131412', '스터디24', '사진', 127, '2019-05-16', '2019-06-16', '최지환 합격', '열심히 부합시다6.',  6 ,  1.8 ); 

insert into sms_std(adr_lms, cls_lms, name, photo, day, sdt, edt, goal, cont, prsn, rate)
values('141111', '141111', '스터디25', '사진', 64, '2019-05-11', '2019-06-11', '정처기 합격', '열심히 공합시다1.',  5,   3);    
insert into sms_std(adr_lms, cls_lms, name, photo, day, sdt, edt, goal, cont, prsn, rate)                                          
values('141112', '141112', '스터디26', '사진', 1, '2019-05-12', '2019-06-12', '박상민 합격', '열심히 공시다2.',   3,   4);    
insert into sms_std(adr_lms, cls_lms, name, photo, day, sdt, edt, goal, cont, prsn, rate)                                          
values('141211', '141211', '스터디27', '사진', 96, '2019-05-13', '2019-06-13', '박상현 합격', '열심히 공합시다3.',  6, 4.5);    
insert into sms_std(adr_lms, cls_lms, name, photo, day, sdt, edt, goal, cont, prsn, rate)                                          
values('141212', '141212', '스터디28', '사진', 21, '2019-05-14', '2019-06-14', '지희욱 합격', '열심히 공합시다4.',  3, 3.5);    
insert into sms_std(adr_lms, cls_lms, name, photo, day, sdt, edt, goal, cont, prsn, rate)                                          
values('141311', '141311', '스터디29', '사진', 3, '2019-05-15', '2019-06-15', '임현우 합격', '열심히 공시다5.',   5,  3.1);   
insert into sms_std(adr_lms, cls_lms, name, photo, day, sdt, edt, goal, cont, prsn, rate)                                          
values('141312', '141312', '스터디30', '사진', 3, '2019-05-15', '2019-06-15', '임현우 합격', '열심히 공시다5.',   5,  2.5);   
insert into sms_std(adr_lms, cls_lms, name, photo, day, sdt, edt, goal, cont, prsn, rate)                                          
values('141411', '141411', '스터디31', '사진', 127, '2019-05-16', '2019-06-16', '최지환 합격', '열심히 부합시다6.',  4 ,  3.25); 
insert into sms_std(adr_lms, cls_lms, name, photo, day, sdt, edt, goal, cont, prsn, rate)                                          
values('141412', '141412', '스터디32', '사진', 127, '2019-05-16', '2019-06-16', '최지환 합격', '열심히 부합시다6.',  6 ,  1.8 ); 

insert into sms_std(adr_lms, cls_lms, name, photo, day, sdt, edt, goal, cont, prsn, rate)
values('151111', '151111', '스터디33', '사진', 64, '2019-05-11', '2019-06-11', '정처기 합격', '열심히 공합시다1.',  5,   3);    
insert into sms_std(adr_lms, cls_lms, name, photo, day, sdt, edt, goal, cont, prsn, rate)                                          
values('151112', '151112', '스터디34', '사진', 1, '2019-05-12', '2019-06-12', '박상민 합격', '열심히 공시다2.',   3,   4);    
insert into sms_std(adr_lms, cls_lms, name, photo, day, sdt, edt, goal, cont, prsn, rate)                                          
values('151211', '151211', '스터디35', '사진', 96, '2019-05-13', '2019-06-13', '박상현 합격', '열심히 공합시다3.',  6, 4.5);    
insert into sms_std(adr_lms, cls_lms, name, photo, day, sdt, edt, goal, cont, prsn, rate)                                          
values('151212', '151212', '스터디36', '사진', 21, '2019-05-14', '2019-06-14', '지희욱 합격', '열심히 공합시다4.',  3, 3.5);    
insert into sms_std(adr_lms, cls_lms, name, photo, day, sdt, edt, goal, cont, prsn, rate)                                          
values('151311', '151311', '스터디37', '사진', 3, '2019-05-15', '2019-06-15', '임현우 합격', '열심히 공시다5.',   5,  3.1);   
insert into sms_std(adr_lms, cls_lms, name, photo, day, sdt, edt, goal, cont, prsn, rate)                                          
values('151312', '151312', '스터디38', '사진', 3, '2019-05-15', '2019-06-15', '임현우 합격', '열심히 공시다5.',   5,  2.5);   
insert into sms_std(adr_lms, cls_lms, name, photo, day, sdt, edt, goal, cont, prsn, rate)                                          
values('151411', '151411', '스터디39', '사진', 127, '2019-05-16', '2019-06-16', '최지환 합격', '열심히 부합시다6.',  4  , 3.25); 
insert into sms_std(adr_lms, cls_lms, name, photo, day, sdt, edt, goal, cont, prsn, rate)                                          
values('151412', '151412', '스터디40', '사진', 127, '2019-05-16', '2019-06-16', '최지환 합격', '열심히 부합시다6.',  6 ,  1.8 ); 

insert into sms_std(adr_lms, cls_lms, name, photo, day, sdt, edt, goal, cont, prsn, rate)
values('161111', '161111', '스터디41', '사진', 64, '2019-05-11', '2019-06-11', '정처기 합격', '열심히 공합시다1.',  5,   3);    
insert into sms_std(adr_lms, cls_lms, name, photo, day, sdt, edt, goal, cont, prsn, rate)                                          
values('161112', '161112', '스터디42', '사진', 1, '2019-05-12', '2019-06-12', '박상민 합격', '열심히 공시다2.',   3,   4);    
insert into sms_std(adr_lms, cls_lms, name, photo, day, sdt, edt, goal, cont, prsn, rate)                                          
values('161211', '161211', '스터디43', '사진', 96, '2019-05-13', '2019-06-13', '박상현 합격', '열심히 공합시다3.',  6, 4.5);    
insert into sms_std(adr_lms, cls_lms, name, photo, day, sdt, edt, goal, cont, prsn, rate)                                          
values('161212', '161212', '스터디44', '사진', 21, '2019-05-14', '2019-06-14', '지희욱 합격', '열심히 공합시다4.',  3, 3.5);    
insert into sms_std(adr_lms, cls_lms, name, photo, day, sdt, edt, goal, cont, prsn, rate)                                          
values('161311', '161311', '스터디45', '사진', 3, '2019-05-15', '2019-06-15', '임현우 합격', '열심히 공시다5.',   5,  3.1);   
insert into sms_std(adr_lms, cls_lms, name, photo, day, sdt, edt, goal, cont, prsn, rate)                                          
values('161312', '161312', '스터디46', '사진', 3, '2019-05-15', '2019-06-15', '임현우 합격', '열심히 공시다5.',   5,  2.5);   
insert into sms_std(adr_lms, cls_lms, name, photo, day, sdt, edt, goal, cont, prsn, rate)                                          
values('161411', '161411', '스터디47', '사진', 127, '2019-05-16', '2019-06-16', '최지환 합격', '열심히 부합시다6.',  4 ,  3.25); 
insert into sms_std(adr_lms, cls_lms, name, photo, day, sdt, edt, goal, cont, prsn, rate)                                          
values('161412', '161412', '스터디48', '사진', 127, '2019-05-16', '2019-06-16', '최지환 합격', '열심히 부합시다6.',  6 ,  1.8 ); 

-- 회원 생성
  -- 관리자
insert into sms_member (member_id, pwd, email, name, nick_name, birth, tel, photo, admin, adr_lms)
  values(1, password('1111'), 'user1@test.com', 'user1', 'nick1', '1993-05-16', '010-1111-1111', 'photo1.jpg', true, '111111');
  -- 일반
  insert into sms_member (member_id, pwd, email, name, nick_name, rate, birth, tel, photo, adr_lms)
  values(2, password('1111'), 'user2@test.com', 'user2', 'nick2', 3.5, '1993-05-16', '010-2222-2222', 'photo2.jpg', '222222');
 insert into sms_member (member_id, pwd, email, name, nick_name, rate, birth, tel, photo, adr_lms)
  values(3, password('1111'), 'user3@test.com', 'user3', 'nick3', 4.0, '1997-05-16', '010-3333-3333', 'photo3.jpg', '333333');
  insert into sms_member (member_id, pwd, email, name, nick_name, rate, birth, tel, photo, adr_lms)
  values(4, password('1111'), 'user4@test.com', 'user4', 'nick4', 4.5, '1990-05-16', '010-4444-4444', 'photo4.jpg', '444444');
  insert into sms_member (member_id, pwd, email, name, nick_name, rate, birth, tel, photo, adr_lms)
  values(5, password('1111'), 'user5@test.com', 'user5', 'nick5', 5.0, '1983-05-16', '010-5555-5555', 'photo5.jpg','555555');
insert into sms_member (member_id, pwd, email, name, nick_name, rate, birth, tel, photo, adr_lms)
  values(6, password('1111'), 'user6@test.com', 'user6', 'nick6', 4.5, '1999-05-16', '010-4444-4444', 'photo4.jpg', '444444');
  insert into sms_member (member_id, pwd, email, name, nick_name, rate, birth, tel, photo, adr_lms)
  values(7, password('1111'), 'user7@test.com', 'user7', 'nick7', 5.0, '1988-05-16', '010-5555-5555', 'photo5.jpg','555555');
insert into sms_member (member_id, pwd, email, name, nick_name, birth, tel, photo, admin, adr_lms)   
values(8, password('1111'), 'user8@test.com', 'user8', 'nick8', '1993-05-16', '010-1111-1111', 'photo1.jpg', true, '111111');
 

-- 스터디 회원 관심분야(3개씩)

insert into sms_member_cls(member_id, cls_lms) values(2,'111111');
insert into sms_member_cls(member_id, cls_lms) values(2,'111211');
insert into sms_member_cls(member_id, cls_lms) values(2,'111113');

insert into sms_member_cls(member_id, cls_lms) values(3,'121112');
insert into sms_member_cls(member_id, cls_lms) values(3,'121411');
insert into sms_member_cls(member_id, cls_lms) values(3,'121211');

insert into sms_member_cls(member_id, cls_lms) values(4,'131114');
insert into sms_member_cls(member_id, cls_lms) values(4,'131212');
insert into sms_member_cls(member_id, cls_lms) values(4,'131313');

insert into sms_member_cls(member_id, cls_lms) values(5,'111111');
insert into sms_member_cls(member_id, cls_lms) values(5,'111211');
insert into sms_member_cls(member_id, cls_lms) values(5,'111113');

insert into sms_member_cls(member_id, cls_lms) values(6,'121112');
insert into sms_member_cls(member_id, cls_lms) values(6,'121411');
insert into sms_member_cls(member_id, cls_lms) values(6,'121211');

insert into sms_member_cls(member_id, cls_lms) values(7,'131114');
insert into sms_member_cls(member_id, cls_lms) values(7,'131212');
insert into sms_member_cls(member_id, cls_lms) values(7,'131313');

insert into sms_member_cls(member_id, cls_lms) values(8,'121112');
insert into sms_member_cls(member_id, cls_lms) values(8,'121411');
insert into sms_member_cls(member_id, cls_lms) values(8,'121211');
  
  
  -- 스터디 회원 정보
insert into sms_std_member(std_id, member_id,leader) values(1,2,true);
insert into sms_std_member(std_id, member_id) values(1,3);
insert into sms_std_member(std_id, member_id) values(1,4);
insert into sms_std_member(std_id, member_id) values(1,5);
insert into sms_std_member(std_id, member_id) values(1,6);
insert into sms_std_member(std_id, member_id) values(1,7);


insert into sms_std_member(std_id, member_id) values(2,2);
insert into sms_std_member(std_id, member_id) values(2,3);
insert into sms_std_member(std_id, member_id) values(2,4);
insert into sms_std_member(std_id, member_id) values(2,5);
  
  

  
-- 스터디 활동일
-- 



-- 활동 지역
insert into sms_adr_l(adr_l_id, name) values(11, '수도권');
insert into sms_adr_l(adr_l_id, name) values(12, '강원권');
insert into sms_adr_l(adr_l_id, name) values(13, '춘천권');
insert into sms_adr_l(adr_l_id, name) values(14, '호남권');
insert into sms_adr_l(adr_l_id, name) values(15, '대경권');
insert into sms_adr_l(adr_l_id, name) values(16, '동남권');
insert into sms_adr_l(adr_l_id, name) values(55, '서울시');

insert into sms_adr_m(adr_m_id, adr_l_id, name) values(11, 11, '수도권-1');
insert into sms_adr_m(adr_m_id, adr_l_id, name) values(12, 11, '수도권-2');
insert into sms_adr_m(adr_m_id, adr_l_id, name) values(13, 11, '수도권-3');
insert into sms_adr_m(adr_m_id, adr_l_id, name) values(14, 11, '수도권-4');

insert into sms_adr_m(adr_m_id, adr_l_id, name) values(11, 12, '강원권-1');
insert into sms_adr_m(adr_m_id, adr_l_id, name) values(12, 12, '강원권-2');
insert into sms_adr_m(adr_m_id, adr_l_id, name) values(13, 12, '강원권-3');
insert into sms_adr_m(adr_m_id, adr_l_id, name) values(14, 12, '강원권-4');

insert into sms_adr_m(adr_m_id, adr_l_id, name) values(11, 13, '춘천권-1');
insert into sms_adr_m(adr_m_id, adr_l_id, name) values(12, 13, '춘천권-2');
insert into sms_adr_m(adr_m_id, adr_l_id, name) values(13, 13, '춘천권-3');
insert into sms_adr_m(adr_m_id, adr_l_id, name) values(14, 13, '춘천권-4');

insert into sms_adr_m(adr_m_id, adr_l_id, name) values(11, 14, '호남권-1');
insert into sms_adr_m(adr_m_id, adr_l_id, name) values(12, 14, '호남권-2');
insert into sms_adr_m(adr_m_id, adr_l_id, name) values(13, 14, '호남권-3');
insert into sms_adr_m(adr_m_id, adr_l_id, name) values(14, 14, '호남권-4');

insert into sms_adr_m(adr_m_id, adr_l_id, name) values(11, 15, '대경권-1');
insert into sms_adr_m(adr_m_id, adr_l_id, name) values(12, 15, '대경권-2');
insert into sms_adr_m(adr_m_id, adr_l_id, name) values(13, 15, '대경권-3');
insert into sms_adr_m(adr_m_id, adr_l_id, name) values(14, 15, '대경권-4');

insert into sms_adr_m(adr_m_id, adr_l_id, name) values(11, 16, '동남권-1');
insert into sms_adr_m(adr_m_id, adr_l_id, name) values(12, 16, '동남권-2');
insert into sms_adr_m(adr_m_id, adr_l_id, name) values(13, 16, '동남권-3');
insert into sms_adr_m(adr_m_id, adr_l_id, name) values(14, 16, '동남권-4');
insert into sms_adr_m(adr_m_id, adr_l_id, name) values(55, 55, '강남구');
insert into sms_adr_m(adr_m_id, adr_l_id, name) values(66, 55, '종로구');

insert into sms_adr_s(adr_s_id, adr_m_id, adr_l_id, name) values(11, 11, 11, '수도권-1-1');
insert into sms_adr_s(adr_s_id, adr_m_id, adr_l_id, name) values(12, 11, 11, '수도권-1-2');
insert into sms_adr_s(adr_s_id, adr_m_id, adr_l_id, name) values(11, 12, 11, '수도권-2-1');
insert into sms_adr_s(adr_s_id, adr_m_id, adr_l_id, name) values(12, 12, 11, '수도권-2-2');
insert into sms_adr_s(adr_s_id, adr_m_id, adr_l_id, name) values(11, 13, 11, '수도권-3-1');
insert into sms_adr_s(adr_s_id, adr_m_id, adr_l_id, name) values(12, 13, 11, '수도권-3-2');
insert into sms_adr_s(adr_s_id, adr_m_id, adr_l_id, name) values(11, 14, 11, '수도권-4-1');
insert into sms_adr_s(adr_s_id, adr_m_id, adr_l_id, name) values(12, 14, 11, '수도권-4-2');

insert into sms_adr_s(adr_s_id, adr_m_id, adr_l_id, name) values(11, 11, 12, '강원권-1-1');
insert into sms_adr_s(adr_s_id, adr_m_id, adr_l_id, name) values(12, 11, 12, '강원권-1-2');
insert into sms_adr_s(adr_s_id, adr_m_id, adr_l_id, name) values(11, 12, 12, '강원권-2-1');
insert into sms_adr_s(adr_s_id, adr_m_id, adr_l_id, name) values(12, 12, 12, '강원권-2-2');
insert into sms_adr_s(adr_s_id, adr_m_id, adr_l_id, name) values(11, 13, 12, '강원권-3-1');
insert into sms_adr_s(adr_s_id, adr_m_id, adr_l_id, name) values(12, 13, 12, '강원권-3-2');
insert into sms_adr_s(adr_s_id, adr_m_id, adr_l_id, name) values(11, 14, 12, '강원권-4-1');
insert into sms_adr_s(adr_s_id, adr_m_id, adr_l_id, name) values(12, 14, 12, '강원권-4-2');

insert into sms_adr_s(adr_s_id, adr_m_id, adr_l_id, name) values(11, 11, 13, '춘천권-1-1');
insert into sms_adr_s(adr_s_id, adr_m_id, adr_l_id, name) values(12, 11, 13, '춘천권-1-2');
insert into sms_adr_s(adr_s_id, adr_m_id, adr_l_id, name) values(11, 12, 13, '춘천권-2-1');
insert into sms_adr_s(adr_s_id, adr_m_id, adr_l_id, name) values(12, 12, 13, '춘천권-2-2');
insert into sms_adr_s(adr_s_id, adr_m_id, adr_l_id, name) values(11, 13, 13, '춘천권-3-1');
insert into sms_adr_s(adr_s_id, adr_m_id, adr_l_id, name) values(12, 13, 13, '춘천권-3-2');
insert into sms_adr_s(adr_s_id, adr_m_id, adr_l_id, name) values(11, 14, 13, '춘천권-4-1');
insert into sms_adr_s(adr_s_id, adr_m_id, adr_l_id, name) values(12, 14, 13, '춘천권-4-2');

insert into sms_adr_s(adr_s_id, adr_m_id, adr_l_id, name) values(11, 11, 14, '호남권-1-1');
insert into sms_adr_s(adr_s_id, adr_m_id, adr_l_id, name) values(12, 11, 14, '호남권-1-2');
insert into sms_adr_s(adr_s_id, adr_m_id, adr_l_id, name) values(11, 12, 14, '호남권-2-1');
insert into sms_adr_s(adr_s_id, adr_m_id, adr_l_id, name) values(12, 12, 14, '호남권-2-2');
insert into sms_adr_s(adr_s_id, adr_m_id, adr_l_id, name) values(11, 13, 14, '호남권-3-1');
insert into sms_adr_s(adr_s_id, adr_m_id, adr_l_id, name) values(12, 13, 14, '호남권-3-2');
insert into sms_adr_s(adr_s_id, adr_m_id, adr_l_id, name) values(11, 14, 14, '호남권-4-1');
insert into sms_adr_s(adr_s_id, adr_m_id, adr_l_id, name) values(12, 14, 14, '호남권-4-2');

insert into sms_adr_s(adr_s_id, adr_m_id, adr_l_id, name) values(11, 11, 15, '대경권-1-1');
insert into sms_adr_s(adr_s_id, adr_m_id, adr_l_id, name) values(12, 11, 15, '대경권-1-2');
insert into sms_adr_s(adr_s_id, adr_m_id, adr_l_id, name) values(11, 12, 15, '대경권-2-1');
insert into sms_adr_s(adr_s_id, adr_m_id, adr_l_id, name) values(12, 12, 15, '대경권-2-2');
insert into sms_adr_s(adr_s_id, adr_m_id, adr_l_id, name) values(11, 13, 15, '대경권-3-1');
insert into sms_adr_s(adr_s_id, adr_m_id, adr_l_id, name) values(12, 13, 15, '대경권-3-2');
insert into sms_adr_s(adr_s_id, adr_m_id, adr_l_id, name) values(11, 14, 15, '대경권-4-1');
insert into sms_adr_s(adr_s_id, adr_m_id, adr_l_id, name) values(12, 14, 15, '대경권-4-2');

insert into sms_adr_s(adr_s_id, adr_m_id, adr_l_id, name) values(11, 11, 16, '동남권-1-1');
insert into sms_adr_s(adr_s_id, adr_m_id, adr_l_id, name) values(12, 11, 16, '동남권-1-2');
insert into sms_adr_s(adr_s_id, adr_m_id, adr_l_id, name) values(11, 12, 16, '동남권-2-1');
insert into sms_adr_s(adr_s_id, adr_m_id, adr_l_id, name) values(12, 12, 16, '동남권-2-2');
insert into sms_adr_s(adr_s_id, adr_m_id, adr_l_id, name) values(11, 13, 16, '동남권-3-1');
insert into sms_adr_s(adr_s_id, adr_m_id, adr_l_id, name) values(12, 13, 16, '동남권-3-2');
insert into sms_adr_s(adr_s_id, adr_m_id, adr_l_id, name) values(11, 14, 16, '동남권-4-1');
insert into sms_adr_s(adr_s_id, adr_m_id, adr_l_id, name) values(12, 14, 16, '동남권-4-2');
insert into sms_adr_s(adr_s_id, adr_m_id, adr_l_id, name) values(55, 55, 55, '역삼동');
insert into sms_adr_s(adr_s_id, adr_m_id, adr_l_id, name) values(66, 66, 55, '종로2가');

-- 스터디 분류
insert into sms_std_cls_l(cls_l_id, name) values(11, 'IT');
insert into sms_std_cls_l(cls_l_id, name) values(12, '서비스');
insert into sms_std_cls_l(cls_l_id, name) values(13, '금융');
insert into sms_std_cls_l(cls_l_id, name) values(14, '예체능');
insert into sms_std_cls_l(cls_l_id, name) values(15, '인문');
insert into sms_std_cls_l(cls_l_id, name) values(16, '공학');
insert into sms_std_cls_l(cls_l_id, name) values(17, '외국어');

insert into sms_std_cls_m(cls_m_id, cls_l_id, name) values(11, 11, 'it-1');
insert into sms_std_cls_m(cls_m_id, cls_l_id, name) values(12, 11, 'it-2');
insert into sms_std_cls_m(cls_m_id, cls_l_id, name) values(13, 11, 'it-3');
insert into sms_std_cls_m(cls_m_id, cls_l_id, name) values(14, 11, 'it-4');

insert into sms_std_cls_m(cls_m_id, cls_l_id, name) values(11, 12, '서비스-1');
insert into sms_std_cls_m(cls_m_id, cls_l_id, name) values(12, 12, '서비스-2');
insert into sms_std_cls_m(cls_m_id, cls_l_id, name) values(13, 12, '서비스-3');
insert into sms_std_cls_m(cls_m_id, cls_l_id, name) values(14, 12, '서비스-4');

insert into sms_std_cls_m(cls_m_id, cls_l_id, name) values(11, 13, '금융-1');
insert into sms_std_cls_m(cls_m_id, cls_l_id, name) values(12, 13, '금융-2');
insert into sms_std_cls_m(cls_m_id, cls_l_id, name) values(13, 13, '금융-3');
insert into sms_std_cls_m(cls_m_id, cls_l_id, name) values(14, 13, '금융-4');

insert into sms_std_cls_m(cls_m_id, cls_l_id, name) values(11, 14, '예체능-1');
insert into sms_std_cls_m(cls_m_id, cls_l_id, name) values(12, 14, '예체능-2');
insert into sms_std_cls_m(cls_m_id, cls_l_id, name) values(13, 14, '예체능-3');
insert into sms_std_cls_m(cls_m_id, cls_l_id, name) values(14, 14, '예체능-4');

insert into sms_std_cls_m(cls_m_id, cls_l_id, name) values(11, 15, '인문-1');
insert into sms_std_cls_m(cls_m_id, cls_l_id, name) values(12, 15, '인문-2');
insert into sms_std_cls_m(cls_m_id, cls_l_id, name) values(13, 15, '인문-3');
insert into sms_std_cls_m(cls_m_id, cls_l_id, name) values(14, 15, '인문-4');

insert into sms_std_cls_m(cls_m_id, cls_l_id, name) values(11, 16, '공학-1');
insert into sms_std_cls_m(cls_m_id, cls_l_id, name) values(12, 16, '공학-2');
insert into sms_std_cls_m(cls_m_id, cls_l_id, name) values(13, 16, '공학-3');
insert into sms_std_cls_m(cls_m_id, cls_l_id, name) values(14, 16, '공학-4');

insert into sms_std_cls_s(cls_s_id, cls_m_id, cls_l_id, name) values(11, 11, 11, 'it-1-1');
insert into sms_std_cls_s(cls_s_id, cls_m_id, cls_l_id, name) values(12, 11, 11, 'it-1-2');
insert into sms_std_cls_s(cls_s_id, cls_m_id, cls_l_id, name) values(11, 12, 11, 'it-2-1');
insert into sms_std_cls_s(cls_s_id, cls_m_id, cls_l_id, name) values(12, 12, 11, 'it-2-2');
insert into sms_std_cls_s(cls_s_id, cls_m_id, cls_l_id, name) values(11, 13, 11, 'it-3-1');
insert into sms_std_cls_s(cls_s_id, cls_m_id, cls_l_id, name) values(12, 13, 11, 'it-3-2');
insert into sms_std_cls_s(cls_s_id, cls_m_id, cls_l_id, name) values(11, 14, 11, 'it-4-1');
insert into sms_std_cls_s(cls_s_id, cls_m_id, cls_l_id, name) values(12, 14, 11, 'it-4-2');

insert into sms_std_cls_s(cls_s_id, cls_m_id, cls_l_id, name) values(11, 11, 12, '서비스-1-1');
insert into sms_std_cls_s(cls_s_id, cls_m_id, cls_l_id, name) values(12, 11, 12, '서비스-1-2');
insert into sms_std_cls_s(cls_s_id, cls_m_id, cls_l_id, name) values(11, 12, 12, '서비스-2-1');
insert into sms_std_cls_s(cls_s_id, cls_m_id, cls_l_id, name) values(12, 12, 12, '서비스-2-2');
insert into sms_std_cls_s(cls_s_id, cls_m_id, cls_l_id, name) values(11, 13, 12, '서비스-3-1');
insert into sms_std_cls_s(cls_s_id, cls_m_id, cls_l_id, name) values(12, 13, 12, '서비스-3-2');
insert into sms_std_cls_s(cls_s_id, cls_m_id, cls_l_id, name) values(11, 14, 12, '서비스-4-1');
insert into sms_std_cls_s(cls_s_id, cls_m_id, cls_l_id, name) values(12, 14, 12, '서비스-4-2');

insert into sms_std_cls_s(cls_s_id, cls_m_id, cls_l_id, name) values(11, 11, 13, '금융-1-1');
insert into sms_std_cls_s(cls_s_id, cls_m_id, cls_l_id, name) values(12, 11, 13, '금융-1-2');
insert into sms_std_cls_s(cls_s_id, cls_m_id, cls_l_id, name) values(11, 12, 13, '금융-2-1');
insert into sms_std_cls_s(cls_s_id, cls_m_id, cls_l_id, name) values(12, 12, 13, '금융-2-2');
insert into sms_std_cls_s(cls_s_id, cls_m_id, cls_l_id, name) values(11, 13, 13, '금융-3-1');
insert into sms_std_cls_s(cls_s_id, cls_m_id, cls_l_id, name) values(12, 13, 13, '금융-3-2');
insert into sms_std_cls_s(cls_s_id, cls_m_id, cls_l_id, name) values(11, 14, 13, '금융-4-1');
insert into sms_std_cls_s(cls_s_id, cls_m_id, cls_l_id, name) values(12, 14, 13, '금융-4-2');

insert into sms_std_cls_s(cls_s_id, cls_m_id, cls_l_id, name) values(11, 11, 14, '예체능-1-1');
insert into sms_std_cls_s(cls_s_id, cls_m_id, cls_l_id, name) values(12, 11, 14, '예체능-1-2');
insert into sms_std_cls_s(cls_s_id, cls_m_id, cls_l_id, name) values(11, 12, 14, '예체능-2-1');
insert into sms_std_cls_s(cls_s_id, cls_m_id, cls_l_id, name) values(12, 12, 14, '예체능-2-2');
insert into sms_std_cls_s(cls_s_id, cls_m_id, cls_l_id, name) values(11, 13, 14, '예체능-3-1');
insert into sms_std_cls_s(cls_s_id, cls_m_id, cls_l_id, name) values(12, 13, 14, '예체능-3-2');
insert into sms_std_cls_s(cls_s_id, cls_m_id, cls_l_id, name) values(11, 14, 14, '예체능-4-1');
insert into sms_std_cls_s(cls_s_id, cls_m_id, cls_l_id, name) values(12, 14, 14, '예체능-4-2');

insert into sms_std_cls_s(cls_s_id, cls_m_id, cls_l_id, name) values(11, 11, 15, '인문-1-1');
insert into sms_std_cls_s(cls_s_id, cls_m_id, cls_l_id, name) values(12, 11, 15, '인문-1-2');
insert into sms_std_cls_s(cls_s_id, cls_m_id, cls_l_id, name) values(11, 12, 15, '인문-2-1');
insert into sms_std_cls_s(cls_s_id, cls_m_id, cls_l_id, name) values(12, 12, 15, '인문-2-2');
insert into sms_std_cls_s(cls_s_id, cls_m_id, cls_l_id, name) values(11, 13, 15, '인문-3-1');
insert into sms_std_cls_s(cls_s_id, cls_m_id, cls_l_id, name) values(12, 13, 15, '인문-3-2');
insert into sms_std_cls_s(cls_s_id, cls_m_id, cls_l_id, name) values(11, 14, 15, '인문-4-1');
insert into sms_std_cls_s(cls_s_id, cls_m_id, cls_l_id, name) values(12, 14, 15, '인문-4-2');

insert into sms_std_cls_s(cls_s_id, cls_m_id, cls_l_id, name) values(11, 11, 16, '공학-1-1');
insert into sms_std_cls_s(cls_s_id, cls_m_id, cls_l_id, name) values(12, 11, 16, '공학-1-2');
insert into sms_std_cls_s(cls_s_id, cls_m_id, cls_l_id, name) values(11, 12, 16, '공학-2-1');
insert into sms_std_cls_s(cls_s_id, cls_m_id, cls_l_id, name) values(12, 12, 16, '공학-2-2');
insert into sms_std_cls_s(cls_s_id, cls_m_id, cls_l_id, name) values(11, 13, 16, '공학-3-1');
insert into sms_std_cls_s(cls_s_id, cls_m_id, cls_l_id, name) values(12, 13, 16, '공학-3-2');
insert into sms_std_cls_s(cls_s_id, cls_m_id, cls_l_id, name) values(11, 14, 16, '공학-4-1');
insert into sms_std_cls_s(cls_s_id, cls_m_id, cls_l_id, name) values(12, 14, 16, '공학-4-2');



-- 회원 평점 정보
-- 회원 평점 정보 키, 회원 번호 , 평점 , 평가일


insert into sms_member_rate_info(std_id, member_id, confirm_member_id, rate, rate_dt) values(1, 5, 2, 3.0, 20190513);
insert into sms_member_rate_info(std_id, member_id, confirm_member_id, rate, rate_dt) values(1, 5, 3, 2.5, 20190513);
insert into sms_member_rate_info(std_id, member_id, confirm_member_id, rate, rate_dt) values(1, 5, 4, 4.0, 20191013);
insert into sms_member_rate_info(std_id, member_id, confirm_member_id, rate, rate_dt) values(1, 5, 6, 1.0, 20190513);
insert into sms_member_rate_info(std_id, member_id, confirm_member_id, rate, rate_dt) values(1, 5, 7, 2.0, 20191013);


  
-- 게시판 분류 (문의,신고)생성
insert into sms_board_cls (cls_id, cls_name)
  values(1, '문의');
  insert into sms_board_cls (cls_id, cls_name)
  values(2, '신고');

-- 문의/신고 게시물 생성

  -- 문의 게시물
insert into sms_rprt_inqry (rprt_inqry_id, cls_id, inqry_id, cont)
  values(1, 1, 2, '2번 회원의 문의 내용이 들어갑니다.');
  insert into sms_rprt_inqry (rprt_inqry_id, cls_id, inqry_id, cont)
  values(2, 1, 3, '3번 회원의 문의 내용이 들어갑니다.');
  insert into sms_rprt_inqry (rprt_inqry_id, cls_id, inqry_id, cont)
  values(3, 1, 4, '4번 회원의 문의 내용이 들어갑니다.');
  
  -- 신고 게시물
  insert into sms_rprt_inqry (rprt_inqry_id, cls_id, inqry_id, sspct_id, cont)
  values(4, 2, 2, 3, '2번 회원의 3번 회원에 대한 신고 내용이 들어갑니다.');
  insert into sms_rprt_inqry (rprt_inqry_id, cls_id, inqry_id, sspct_id, cont)
  values(5, 2, 3, 4, '3번 회원의 4번 회원에 대한 신고 내용이 들어갑니다.');
  insert into sms_rprt_inqry (rprt_inqry_id, cls_id, inqry_id, sspct_id, cont)
  values(6, 2, 4, 5, '4번 회원의 5번 회원에 대한 신고 내용이 들어갑니다.');

insert into sms_rprt_inqry (rprt_inqry_id, cls_id, inqry_id, sspct_id, cont)
  values(7, 2, 3, 2, '3번 회원의 2번 회원에 대한 신고 내용이 들어갑니다.');
  insert into sms_rprt_inqry (rprt_inqry_id, cls_id, inqry_id, sspct_id, cont)
  values(8, 2, 4, 2, '4번 회원의 2번 회원에 대한 신고 내용이 들어갑니다.');
  insert into sms_rprt_inqry (rprt_inqry_id, cls_id, inqry_id, sspct_id, cont)
  values(9, 2, 5, 4, '5번 회원의 4번 회원에 대한 신고 내용이 들어갑니다.');

  insert into sms_rprt_inqry (rprt_inqry_id, cls_id, inqry_id, cont)
  values(10, 1, 2, '2번 회원의 문의 내용이 들어갑니다.');
  insert into sms_rprt_inqry (rprt_inqry_id, cls_id, inqry_id, cont)
  values(11, 1, 3, '3번 회원의 문의 내용이 들어갑니다.');
  insert into sms_rprt_inqry (rprt_inqry_id, cls_id, inqry_id, cont)
  values(12, 1, 4, '4번 회원의 문의 내용이 들어갑니다.');
  

  
  -- 공간 데이터 입력
insert into sms_space(space_id, name, adr_lms, adr_dtl, tel, intro) values('101', '지환카페', '555555', '819-4 YBM빌딩 2층', '111-222', '지환 카페 입니다.');
insert into sms_space(space_id, name, adr_lms, adr_dtl, tel, intro) values('102', '현우카페', '666655', '9 YMCA빌딩 7층', '111-222', '현우 카페 입니다.');
insert into sms_space(space_id, name, adr_lms, adr_dtl, tel, intro) values('103', '상민카페', '111111', '825-35', '111-222', '상민 카페 입니다.');
insert into sms_space(space_id, name, adr_lms, adr_dtl, tel, intro) values('104', '상현카페', '111111', '820-11', '111-222', '상현 카페 입니다.');
insert into sms_space(space_id, name, adr_lms, adr_dtl, tel, intro) values('105', '희욱카페', '111111', '825-18', '111-222', '희욱 카페 입니다.');

-- 공간 스터디룸 데이터 입력
insert into sms_space_room(space_room_id, space_id, name, photo, prsn, price) values('201', '101', '지환룸 1번방', '1번방.jgp', '4', '20000');
insert into sms_space_room(space_room_id, space_id, name, photo, prsn, price) values('202', '101', '지환룸 2번방', '2번방.jgp', '6', '40000');
insert into sms_space_room(space_room_id, space_id, name, photo, prsn, price) values('203', '101', '지환룸 3번방', '3번방.jgp', '8', '60000');

insert into sms_space_room(space_room_id, space_id, name, photo, prsn, price) values('204', '102', '현우룸 1번방', '1번방.jgp', '3', '30000');
insert into sms_space_room(space_room_id, space_id, name, photo, prsn, price) values('205', '102', '현우룸 2번방', '2번방.jgp', '6', '50000');

-- 공간 태그 데이터 입력
insert into sms_tag(tag_id, space_id, name) values('301', '101', '#강남');
insert into sms_tag(tag_id, space_id, name) values('302', '101', '#지환');
insert into sms_tag(tag_id, space_id, name) values('303', '101', '#카페');

insert into sms_tag(tag_id, space_id, name) values('304', '102', '#성남');
insert into sms_tag(tag_id, space_id, name) values('305', '102', '#현우');
insert into sms_tag(tag_id, space_id, name) values('306', '102', '#스터디');

-- 공간 사진
insert into sms_space_photo(space_photo_id, space_id, photo) values('401', '101', '지환카페1.jpg');
insert into sms_space_photo(space_photo_id, space_id, photo) values('402', '101', '지환카페2.jpg');
insert into sms_space_photo(space_photo_id, space_id, photo) values('403', '101', '지환카페3.jpg');
insert into sms_space_photo(space_photo_id, space_id, photo) values('404', '101', '지환카페4.jpg');

insert into sms_space_photo(space_photo_id, space_id, photo) values('405', '102', '현우카페1.jpg');
insert into sms_space_photo(space_photo_id, space_id, photo) values('406', '102', '현우카페2.jpg');
insert into sms_space_photo(space_photo_id, space_id, photo) values('407', '102', '현우카페3.jpg');
insert into sms_space_photo(space_photo_id, space_id, photo) values('408', '102', '현우카페4.jpg');

-- 편의시설
insert into sms_conv(conv_id, name) values('1', '와이파이');
insert into sms_conv(conv_id, name) values('2', '의자/테이블');
insert into sms_conv(conv_id, name) values('3', '내부 화장실');
insert into sms_conv(conv_id, name) values('4', '음식물 반입가능');
insert into sms_conv(conv_id, name) values('5', '흡연실');
insert into sms_conv(conv_id, name) values('6', '주차 가능');
insert into sms_conv(conv_id, name) values('7', 'PC/노트북');
insert into sms_conv(conv_id, name) values('8', '화이트보드');
insert into sms_conv(conv_id, name) values('9', 'TV/프로젝터');
insert into sms_conv(conv_id, name) values('10', '복사/인쇄기');
insert into sms_conv(conv_id, name) values('11', '음향/마이크');
insert into sms_conv(conv_id, name) values('12', '에어컨');

-- 공간 편의시설
insert into sms_space_conv_info(conv_id, space_id, note) values('6', '101', '주차요금은 만원입니다');
insert into sms_space_conv_info(conv_id, space_id, note) values('1', '101', '와이파이는 기가 와이파이입니다');

insert into sms_space_conv_info(conv_id, space_id, note) values('12', '102', '에어컨 설치되어있습니다');
insert into sms_space_conv_info(conv_id, space_id, note) values('4', '102', '음료만 반입 가능합니다');



-- 공간휴일
insert into sms_rest_day(space_id, rest_day) values('101', '2019-5-20');
insert into sms_rest_day(space_id, rest_day) values('102', '2019-6-1');


-- 스터디룸 예약
insert into sms_space_room_bkng(space_bkng_id, space_room_id, std_id, member_id, bkng_sdt, bkng_edt,space_id) 
values (1, '201', '1', '2', '2019-5-5', '2019-5-5',101);

insert into sms_space_room_bkng(space_bkng_id, space_room_id, std_id, member_id, bkng_sdt, bkng_edt,space_id) 
values (2, '201', '1', '3', '2019-5-5', '2019-5-5',101);

insert into sms_space_room_bkng(space_bkng_id, space_room_id, std_id, member_id, bkng_sdt, bkng_edt,space_id) 
values (3, '201', '1', '4', '2019-5-5', '2019-5-5',101);

insert into sms_space_room_bkng(space_bkng_id, space_room_id, std_id, member_id, bkng_sdt, bkng_edt,space_id) 
values (4, '201', '1', '5', '2019-5-5','2019-5-5',101);

insert into sms_space_room_bkng(space_bkng_id, space_room_id, std_id, member_id, bkng_sdt, bkng_edt,space_id) 
values (5, '202', '2', '2', '2019-5-10', '2019-5-10',101);

  
  insert into sms_space_room_bkng ( space_room_id, space_id, std_id, member_id, bkng_sdt, bkng_edt)
  values (201,101,1,2,'2019-05-17 09:00','2019-05-17 09:50');
   insert into sms_space_room_bkng ( space_room_id, space_id, std_id, member_id, bkng_sdt, bkng_edt)
  values (202,101,1,2,'2019-05-17 10:00','2019-05-17 10:50');
    insert into sms_space_room_bkng ( space_room_id, space_id, std_id, member_id, bkng_sdt, bkng_edt)
  values (203,101,1,2,'2019-05-17 11:00','2019-05-17 11:50');
   insert into sms_space_room_bkng ( space_room_id, space_id, std_id, member_id, bkng_sdt, bkng_edt)
  values (201,101,1,2,'2019-05-17 12:00','2019-05-17 12:50');
    insert into sms_space_room_bkng ( space_room_id, space_id, std_id, member_id, bkng_sdt, bkng_edt)
  values (202,101,1,2,'2019-05-17 13:00','2019-05-17 13:50');
   insert into sms_space_room_bkng ( space_room_id, space_id, std_id, member_id, bkng_sdt, bkng_edt)
  values (203,101,1,2,'2019-05-17 14:00','2019-05-17 14:50');
     insert into sms_space_room_bkng ( space_room_id, space_id, std_id, member_id, bkng_sdt, bkng_edt)
  values (204,102,1,2,'2019-05-17 20:00','2019-05-17 20:50');
     insert into sms_space_room_bkng ( space_room_id, space_id, std_id, member_id, bkng_sdt, bkng_edt)
  values (202,101,1,2,'2019-05-17 09:00','2019-05-17 09:50');
    insert into sms_space_room_bkng ( space_room_id, space_id, std_id, member_id, bkng_sdt, bkng_edt)
  values (203,101,1,2,'2019-05-17 09:00','2019-05-17 09:50');
   insert into sms_space_room_bkng ( space_room_id, space_id, std_id, member_id, bkng_sdt, bkng_edt)
  values (201,101,1,2,'2019-05-17 13:00','2019-05-17 13:50');
    insert into sms_space_room_bkng ( space_room_id, space_id, std_id, member_id, bkng_sdt, bkng_edt)
  values (203,101,1,2,'2019-05-17 13:00','2019-05-17 13:50');

  
  
insert into sms_space_review(space_review_id, member_id, space_id, rating, review)
values ('601', '2', '101', '3.0', '그저그래요');
insert into sms_space_review(space_review_id, member_id, space_id, rating, review)
values ('602', '3', '101', '5.0', '완벽합니다 너무 좋네요');
insert into sms_space_review(space_review_id, member_id, space_id, rating, review)
values ('603', '4', '101', '1.5', '에어컨이 잘 안나오네요');
insert into sms_space_review(space_review_id, member_id, space_id, rating, review)
values ('604', '5', '101', '4.0', '사장님이 친절해요');
insert into sms_space_review(space_review_id, member_id, space_id, rating, review)
values ('605', '3', '101', '3.5', '좋아요');

-- 쪽지 샘플 데이텅
insert into sms_msg(send_id, recv_id, titl, cont)
values(7, 6, "제목1", "7번이 6번에게 쪽지 보냄4");
insert into sms_msg(send_id, recv_id, titl, cont)
values(7, 6, "제목2","7번이 6번에게 쪽지 보냄5");
insert into sms_msg(send_id, recv_id, titl, cont)
values(7, 6, "제목3","7번이 6번에게 쪽지 보냄6");
insert into sms_msg(send_id, recv_id, titl, cont)
values(7, 6, "제목4","7번이 6번에게 쪽지 보냄7");
insert into sms_msg(send_id, recv_id, titl, cont)
values(7, 6, "제목5","7번이 6번에게 쪽지 보냄8");
insert into sms_msg(send_id, recv_id, titl, cont)
values(2, 6, "제목6","7번이 6번에게 쪽지 보냄1");
insert into sms_msg(send_id, recv_id, titl, cont)
values(3, 6, "제목7","7번이 6번에게 쪽지 보냄1");
insert into sms_msg(send_id, recv_id, titl, cont)
values(4, 6, "제목8","7번이 6번에게 쪽지 보냄1");
insert into sms_msg(send_id, recv_id, titl, cont)
values(5, 6, "제목4","7번이 6번에게 쪽지 보냄1");
insert into sms_msg(send_id, recv_id, titl, cont)
values(2, 6, "제목5","7번이 6번에게 쪽지 보냄1");
insert into sms_msg(send_id, recv_id, titl, cont)
values(4, 6, "제목6","7번이 6번에게 쪽지 보냄1");
insert into sms_msg(send_id, recv_id, titl, cont)
values(2, 6, "제목7","7번이 6번에게 쪽지 보냄1");
insert into sms_msg(send_id, recv_id, titl, cont)
values(5, 6, "제목8","7번이 6번에게 쪽지 보냄1");

insert into sms_msg(send_id, recv_id, titl, cont) values(6, 5, "제목1","6번이 5번에게 쪽지 보냄1");
insert into sms_msg(send_id, recv_id, titl, cont) values(6, 5, "제목2","6번이 5번에게 쪽지 보냄2");
insert into sms_msg(send_id, recv_id, titl, cont) values(6, 5, "제목3","6번이 5번에게 쪽지 보냄3");
insert into sms_msg(send_id, recv_id, titl, cont) values(6, 7, "제목1","6번이 7번에게 쪽지 보냄1");
insert into sms_msg(send_id, recv_id, titl, cont) values(6, 7, "제목2","6번이 7번에게 쪽지 보냄2");
insert into sms_msg(send_id, recv_id, titl, cont) values(6, 7, "제목3","6번이 7번에게 쪽지 보냄3");
insert into sms_msg(send_id, recv_id, titl, cont) values(6, 7, "제목4","6번이 7번에게 쪽지 보냄4");
insert into sms_msg(send_id, recv_id, titl, cont) values(6, 4, "제목입니다.","6번이 4번에게 쪽지 보냄");
insert into sms_msg(send_id, recv_id, titl, cont) values(6, 4, "제목입니다.","6번이 4번에게 쪽지 보냄");


