-- 스터디 테이블
-- 스터디 이름, 활동지역, 스터디 분류, ㄴ스터디 사진, 스터디 시작일, 스터디 종료일, 스터디 목표, 스터디 설명, 스터디 최대인원

-- 스터디 생성 입력
insert into sms_std(adr_lms, cls_lms, name, photo, day, sdt, edt, goal, cont, prsn, rate)
values('121111', '111111', '스터디1', 'test.png', 64, '2019-05-11', '2019-06-11', '정처기 합격', '열심히 공부합시다1.',  5,   3);
insert into sms_std(adr_lms, cls_lms, name, photo, day, sdt, edt, goal, cont, prsn, rate)
values('111112', '111112', '스터디2', '사진', 1, '2019-05-12', '2019-06-12', '박상민 합격', '열심히 공부합시다2.',   3,   4);
insert into sms_std(adr_lms, cls_lms, name, photo, day, sdt, edt, goal, cont, prsn, rate)
values('121211', '111211', '스터디3', '사진', 96, '2019-05-13', '2019-06-13', '박상현 합격', '열심히 공부합시다3.',  6, 4.5);
insert into sms_std(adr_lms, cls_lms, name, photo, day, sdt, edt, goal, cont, prsn, rate)
values('111212', '111212', '스터디4', '사진', 21, '2019-05-14', '2019-06-14', '지희욱 합격', '열심히 공부합시다4.',  3, 3.5);
insert into sms_std(adr_lms, cls_lms, name, photo, day, sdt, edt, goal, cont, prsn, rate)
values('121311', '111311', '스터디5', '사진', 3, '2019-05-15', '2019-06-15', '임현우 합격', '열심히 공부합시다5.',   5,  3.1);
insert into sms_std(adr_lms, cls_lms, name, photo, day, sdt, edt, goal, cont, prsn, rate)
values('111312', '111312', '스터디6', '사진', 3, '2019-05-15', '2019-06-15', '임현우 합격', '열심히 공부합시다5.',   5,  2.5);
insert into sms_std(adr_lms, cls_lms, name, photo, day, sdt, edt, goal, cont, prsn, rate)
values('121411', '111411', '스터디7', '사진', 127, '2019-05-16', '2019-06-16', '최지환 합격', '열심히 공부합시다6.',  4 ,  3.25);
insert into sms_std(adr_lms, cls_lms, name, photo, day, sdt, edt, goal, cont, prsn, rate)
values('111412', '111412', '스터디8', '사진', 127, '2019-05-16', '2019-06-16', '최지환 합격', '열심히 공부합시다6.',  6 ,  1.8 );
insert into sms_std(adr_lms, cls_lms, name, photo, day, sdt, edt, goal, cont, prsn, rate)
values('121111', '111111', '스터디49', 'test.png', 64, '2019-05-11', '2019-06-11', '정처기 합격', '열심히 공부합시다1.',  5,   3);
insert into sms_std(adr_lms, cls_lms, name, photo, day, sdt, edt, goal, cont, prsn, rate)
values('111112', '111112', '스터디50', '사진', 1, '2019-05-12', '2019-06-12', '박상민 합격', '열심히 공부합시다2.',   3,   4);
insert into sms_std(adr_lms, cls_lms, name, photo, day, sdt, edt, goal, cont, prsn, rate)
values('121211', '111211', '스터디51', '사진', 96, '2019-05-13', '2019-06-13', '박상현 합격', '열심히 공부합시다3.',  6, 4.5);
insert into sms_std(adr_lms, cls_lms, name, photo, day, sdt, edt, goal, cont, prsn, rate)
values('111212', '111212', '스터디52', '사진', 21, '2019-05-14', '2019-06-14', '지희욱 합격', '열심히 공부합시다4.',  3, 3.5);
insert into sms_std(adr_lms, cls_lms, name, photo, day, sdt, edt, goal, cont, prsn, rate)
values('121311', '111311', '스터디53', '사진', 3, '2019-05-15', '2019-06-15', '임현우 합격', '열심히 공부합시다5.',   5,  3.1);
insert into sms_std(adr_lms, cls_lms, name, photo, day, sdt, edt, goal, cont, prsn, rate)
values('111312', '111312', '스터디54', '사진', 3, '2019-05-15', '2019-06-15', '임현우 합격', '열심히 공부합시다5.',   5,  2.5);
insert into sms_std(adr_lms, cls_lms, name, photo, day, sdt, edt, goal, cont, prsn, rate)
values('121411', '111411', '스터디55', '사진', 127, '2019-05-16', '2019-06-16', '최지환 합격', '열심히 공부합시다6.',  4 ,  3.25);
insert into sms_std(adr_lms, cls_lms, name, photo, day, sdt, edt, goal, cont, prsn, rate)
values('111412', '111412', '스터디56', '사진', 127, '2019-05-16', '2019-06-16', '최지환 합격', '열심히 공부합시다6.',  6 ,  1.8 );

insert into sms_std(adr_lms, cls_lms, name, photo, day, sdt, edt, goal, cont, prsn, rate)
values('111111', '121111', '스터디9', '사진', 64, '2019-05-11', '2019-06-11', '정처기 합격', '열심히 공부합합시다1.',  5,   3);                    
insert into sms_std(adr_lms, cls_lms, name, photo, day, sdt, edt, goal, cont, prsn, rate)                                                             
values('121112', '121112', '스터디10', '사진', 1, '2019-05-12', '2019-06-12', '박상민 합격', '열심히 공부합시다2.',   3,   4);                    
insert into sms_std(adr_lms, cls_lms, name, photo, day, sdt, edt, goal, cont, prsn, rate)                                                             
values('111211', '121211', '스터디11', '사진', 96, '2019-05-13', '2019-06-13', '박상현 합격', '열심히 공부합시다3.',  6, 4.5);                    
insert into sms_std(adr_lms, cls_lms, name, photo, day, sdt, edt, goal, cont, prsn, rate)                                                             
values('121212', '121212', '스터디12', '사진', 21, '2019-05-14', '2019-06-14', '지희욱 합격', '열심히 공부합시다4.',  3, 3.5);                    
insert into sms_std(adr_lms, cls_lms, name, photo, day, sdt, edt, goal, cont, prsn, rate)                                                             
values('111311', '121311', '스터디13', '사진', 3, '2019-05-15', '2019-06-15', '임현우 합격', '열심히 공부합시다5.',   5,  3.1);                   
insert into sms_std(adr_lms, cls_lms, name, photo, day, sdt, edt, goal, cont, prsn, rate)                                                             
values('121312', '121312', '스터디14', '사진', 3, '2019-05-15', '2019-06-15', '임현우 합격', '열심히 공부합시다5.',   5,  2.5);                   
insert into sms_std(adr_lms, cls_lms, name, photo, day, sdt, edt, goal, cont, prsn, rate)                                                             
values('111411', '121411', '스터디15', '사진', 127, '2019-05-16', '2019-06-16', '최지환 합격', '열심히 공부부합시다6.',  4 ,  3.25);                 
insert into sms_std(adr_lms, cls_lms, name, photo, day, sdt, edt, goal, cont, prsn, rate)                                                             
values('121412', '121412', '스터디16', '사진', 127, '2019-05-16', '2019-06-16', '최지환 합격', '열심히 공부부합시다6.',  6 ,  1.8 );                 
                                                                                                                                              
insert into sms_std(adr_lms, cls_lms, name, photo, day, sdt, edt, goal, cont, prsn, rate)
values('131111', '131111', '스터디17', '사진', 64, '2019-05-11', '2019-06-11', '정처기 합격', '열심히 공합시다1.',  5,   3);    
insert into sms_std(adr_lms, cls_lms, name, photo, day, sdt, edt, goal, cont, prsn, rate)                                          
values('131112', '131112', '스터디18', '사진', 1, '2019-05-12', '2019-06-12', '박상민 합격', '열심히 공시다2.',   3,   4);    
insert into sms_std(adr_lms, cls_lms, name, photo, day, sdt, edt, goal, cont, prsn, rate)                                          
values('131211', '131211', '스터디19', '사진', 96, '2019-05-13', '2019-06-13', '박상현 합격', '열심히 공합시다3.',  6, 4.5);    
insert into sms_std(adr_lms, cls_lms, name, photo, day, sdt, edt, goal, cont, prsn, rate)                                          
values('131212', '131212', '스터디20', '사진', 21, '2019-05-14', '2019-06-14', '지희욱 합격', '열심히 공합시다4.',  3, 3.5);    
insert into sms_std(adr_lms, cls_lms, name, photo, day, sdt, edt, goal, cont, prsn, rate)                                          
values('131311', '131311', '스터디21', '사진', 3, '2019-05-15', '2019-06-15', '임현우 합격', '열심히 공시다5.',   5,  3.1);   
insert into sms_std(adr_lms, cls_lms, name, photo, day, sdt, edt, goal, cont, prsn, rate)                                          
values('131312', '131312', '스터디22', '사진', 3, '2019-05-15', '2019-06-15', '임현우 합격', '열심히 공시다5.',   5,  2.5);   
insert into sms_std(adr_lms, cls_lms, name, photo, day, sdt, edt, goal, cont, prsn, rate)                                          
values('131411', '131411', '스터디23', '사진', 127, '2019-05-16', '2019-06-16', '최지환 합격', '열심히 부합시다6.',  4,   3.25); 
insert into sms_std(adr_lms, cls_lms, name, photo, day, sdt, edt, goal, cont, prsn, rate)                                          
values('131412', '131412', '스터디24', '사진', 127, '2019-05-16', '2019-06-16', '최지환 합격', '열심히 부합시다6.',  6 ,  1.8 ); 

insert into sms_std(adr_lms, cls_lms, name, photo, day, sdt, edt, goal, cont, prsn, rate)
values('141111', '141111', '스터디25', '사진', 64, '2019-05-11', '2019-06-11', '정처기 합격', '열심히 공합시다1.',  5,   3);    
insert into sms_std(adr_lms, cls_lms, name, photo, day, sdt, edt, goal, cont, prsn, rate)                                          
values('141112', '141112', '스터디26', '사진', 1, '2019-05-12', '2019-06-12', '박상민 합격', '열심히 공시다2.',   3,   4);    
insert into sms_std(adr_lms, cls_lms, name, photo, day, sdt, edt, goal, cont, prsn, rate)                                          
values('141211', '141211', '스터디27', '사진', 96, '2019-05-13', '2019-06-13', '박상현 합격', '열심히 공합시다3.',  6, 4.5);    
insert into sms_std(adr_lms, cls_lms, name, photo, day, sdt, edt, goal, cont, prsn, rate)                                          
values('141212', '141212', '스터디28', '사진', 21, '2019-05-14', '2019-06-14', '지희욱 합격', '열심히 공합시다4.',  3, 3.5);    
insert into sms_std(adr_lms, cls_lms, name, photo, day, sdt, edt, goal, cont, prsn, rate)                                          
values('141311', '141311', '스터디29', '사진', 3, '2019-05-15', '2019-06-15', '임현우 합격', '열심히 공시다5.',   5,  3.1);   
insert into sms_std(adr_lms, cls_lms, name, photo, day, sdt, edt, goal, cont, prsn, rate)                                          
values('141312', '141312', '스터디30', '사진', 3, '2019-05-15', '2019-06-15', '임현우 합격', '열심히 공시다5.',   5,  2.5);   
insert into sms_std(adr_lms, cls_lms, name, photo, day, sdt, edt, goal, cont, prsn, rate)                                          
values('141411', '141411', '스터디31', '사진', 127, '2019-05-16', '2019-06-16', '최지환 합격', '열심히 부합시다6.',  4 ,  3.25); 
insert into sms_std(adr_lms, cls_lms, name, photo, day, sdt, edt, goal, cont, prsn, rate)                                          
values('141412', '141412', '스터디32', '사진', 127, '2019-05-16', '2019-06-16', '최지환 합격', '열심히 부합시다6.',  6 ,  1.8 ); 

insert into sms_std(adr_lms, cls_lms, name, photo, day, sdt, edt, goal, cont, prsn, rate)
values('151111', '151111', '스터디33', '사진', 64, '2019-05-11', '2019-06-11', '정처기 합격', '열심히 공합시다1.',  5,   3);    
insert into sms_std(adr_lms, cls_lms, name, photo, day, sdt, edt, goal, cont, prsn, rate)                                          
values('151112', '151112', '스터디34', '사진', 1, '2019-05-12', '2019-06-12', '박상민 합격', '열심히 공시다2.',   3,   4);    
insert into sms_std(adr_lms, cls_lms, name, photo, day, sdt, edt, goal, cont, prsn, rate)                                          
values('151211', '151211', '스터디35', '사진', 96, '2019-05-13', '2019-06-13', '박상현 합격', '열심히 공합시다3.',  6, 4.5);    
insert into sms_std(adr_lms, cls_lms, name, photo, day, sdt, edt, goal, cont, prsn, rate)                                          
values('151212', '151212', '스터디36', '사진', 21, '2019-05-14', '2019-06-14', '지희욱 합격', '열심히 공합시다4.',  3, 3.5);    
insert into sms_std(adr_lms, cls_lms, name, photo, day, sdt, edt, goal, cont, prsn, rate)                                          
values('151311', '151311', '스터디37', '사진', 3, '2019-05-15', '2019-06-15', '임현우 합격', '열심히 공시다5.',   5,  3.1);   
insert into sms_std(adr_lms, cls_lms, name, photo, day, sdt, edt, goal, cont, prsn, rate)                                          
values('151312', '151312', '스터디38', '사진', 3, '2019-05-15', '2019-06-15', '임현우 합격', '열심히 공시다5.',   5,  2.5);   
insert into sms_std(adr_lms, cls_lms, name, photo, day, sdt, edt, goal, cont, prsn, rate)                                          
values('151411', '151411', '스터디39', '사진', 127, '2019-05-16', '2019-06-16', '최지환 합격', '열심히 부합시다6.',  4  , 3.25); 
insert into sms_std(adr_lms, cls_lms, name, photo, day, sdt, edt, goal, cont, prsn, rate)                                          
values('151412', '151412', '스터디40', '사진', 127, '2019-05-16', '2019-06-16', '최지환 합격', '열심히 부합시다6.',  6 ,  1.8 ); 

insert into sms_std(adr_lms, cls_lms, name, photo, day, sdt, edt, goal, cont, prsn, rate)
values('161111', '161111', '스터디41', '사진', 64, '2019-05-11', '2019-06-11', '정처기 합격', '열심히 공합시다1.',  5,   3);    
insert into sms_std(adr_lms, cls_lms, name, photo, day, sdt, edt, goal, cont, prsn, rate)                                          
values('161112', '161112', '스터디42', '사진', 1, '2019-05-12', '2019-06-12', '박상민 합격', '열심히 공시다2.',   3,   4);    
insert into sms_std(adr_lms, cls_lms, name, photo, day, sdt, edt, goal, cont, prsn, rate)                                          
values('161211', '161211', '스터디43', '사진', 96, '2019-05-13', '2019-06-13', '박상현 합격', '열심히 공합시다3.',  6, 4.5);    
insert into sms_std(adr_lms, cls_lms, name, photo, day, sdt, edt, goal, cont, prsn, rate)                                          
values('161212', '161212', '스터디44', '사진', 21, '2019-05-14', '2019-06-14', '지희욱 합격', '열심히 공합시다4.',  3, 3.5);    
insert into sms_std(adr_lms, cls_lms, name, photo, day, sdt, edt, goal, cont, prsn, rate)                                          
values('161311', '161311', '스터디45', '사진', 3, '2019-05-15', '2019-06-15', '임현우 합격', '열심히 공시다5.',   5,  3.1);   
insert into sms_std(adr_lms, cls_lms, name, photo, day, sdt, edt, goal, cont, prsn, rate)                                          
values('161312', '161312', '스터디46', '사진', 3, '2019-05-15', '2019-06-15', '임현우 합격', '열심히 공시다5.',   5,  2.5);   
insert into sms_std(adr_lms, cls_lms, name, photo, day, sdt, edt, goal, cont, prsn, rate)                                          
values('161411', '161411', '스터디47', '사진', 127, '2019-05-16', '2019-06-16', '최지환 합격', '열심히 부합시다6.',  4 ,  3.25); 
insert into sms_std(adr_lms, cls_lms, name, photo, day, sdt, edt, goal, cont, prsn, rate)                                          
values('161412', '161412', '스터디48', '사진', 127, '2019-05-16', '2019-06-16', '최지환 합격', '열심히 부합시다6.',  6 ,  1.8 ); 

insert into sms_std(std_id, adr_lms, cls_lms, name, photo, day, sdt, edt, goal, cont, prsn, rate)                                          
values(100, '161412', '161412', '지환탈퇴테스트', '사진', 127, '2019-05-16', '2019-06-16', '최지환 합격', '열심히 부합시다6.',  6 ,  1.8 ); 


-- 회원 생성
  -- 관리자
insert into sms_member (member_id, pwd, email, name, nick_name, birth, tel, admin, adr_lms)
  values(1, password('1111'), 'user1@test.com', 'user1', 'nick1', '1993-05-16', '010-1111-1111', true, '111111');
  -- 일반
  insert into sms_member (member_id, pwd, email, name, nick_name, rate, birth, tel, adr_lms)
  values(2, password('1111'), 'user2@test.com', 'user2', 'nick2', 3.5, '1993-05-16', '010-2222-2222', '222222');
  insert into sms_member (member_id, pwd, email, name, nick_name, rate, birth, tel, adr_lms)
  values(3, password('1111'), 'user3@test.com', 'user3', 'nick3', 4.0, '1997-05-16', '010-3333-3333', '333333');
  insert into sms_member (member_id, pwd, email, name, nick_name, rate, birth, tel, adr_lms)
  values(4, password('1111'), 'user4@test.com', 'user4', 'nick4', 4.5, '1990-05-16', '010-4444-4444', '444444');
  insert into sms_member (member_id, pwd, email, name, nick_name, rate, birth, tel, adr_lms)
  values(5, password('1111'), 'user5@test.com', 'user5', 'nick5', 5.0, '1983-05-16', '010-5555-5555', '555555');
  insert into sms_member (member_id, pwd, email, name, nick_name, rate, birth, tel, adr_lms)
  values(6, password('1111'), 'user6@test.com', 'user6', 'nick6', 4.5, '1999-05-16', '010-4444-4444', '444444');
  insert into sms_member (member_id, pwd, email, name, nick_name, rate, birth, tel, adr_lms)
  values(7, password('1111'), 'user7@test.com', 'user7', 'nick7', 5.0, '1988-05-16', '010-5555-5555', '555555');
  insert into sms_member (member_id, pwd, email, name, nick_name, birth, tel, admin, adr_lms)   
  values(8, password('1111'), 'user8@test.com', 'user8', 'nick8', '1993-05-16', '010-1111-1111', true, '111111');
 

-- 스터디 회원 관심분야(3개씩)

insert into sms_member_cls(member_id, cls_lms) values(2,'111111');
insert into sms_member_cls(member_id, cls_lms) values(2,'111211');
insert into sms_member_cls(member_id, cls_lms) values(2,'111113');

insert into sms_member_cls(member_id, cls_lms) values(3,'121112');
insert into sms_member_cls(member_id, cls_lms) values(3,'121411');
insert into sms_member_cls(member_id, cls_lms) values(3,'121211');

insert into sms_member_cls(member_id, cls_lms) values(4,'131114');
insert into sms_member_cls(member_id, cls_lms) values(4,'131212');
insert into sms_member_cls(member_id, cls_lms) values(4,'131313');

insert into sms_member_cls(member_id, cls_lms) values(5,'111111');
insert into sms_member_cls(member_id, cls_lms) values(5,'111211');
insert into sms_member_cls(member_id, cls_lms) values(5,'111113');

insert into sms_member_cls(member_id, cls_lms) values(6,'121112');
insert into sms_member_cls(member_id, cls_lms) values(6,'121411');
insert into sms_member_cls(member_id, cls_lms) values(6,'121211');

insert into sms_member_cls(member_id, cls_lms) values(7,'131114');
insert into sms_member_cls(member_id, cls_lms) values(7,'131212');
insert into sms_member_cls(member_id, cls_lms) values(7,'131313');

insert into sms_member_cls(member_id, cls_lms) values(8,'121112');
insert into sms_member_cls(member_id, cls_lms) values(8,'121411');
insert into sms_member_cls(member_id, cls_lms) values(8,'121211');
  
  
  -- 스터디 회원 정보
insert into sms_std_member(std_id, member_id,leader) values(1,2,true);
insert into sms_std_member(std_id, member_id) values(1,3);
insert into sms_std_member(std_id, member_id) values(1,4);
insert into sms_std_member(std_id, member_id) values(1,5);
insert into sms_std_member(std_id, member_id) values(1,6);
insert into sms_std_member(std_id, member_id) values(1,7);


insert into sms_std_member(std_id, member_id) values(2,2);
insert into sms_std_member(std_id, member_id) values(2,3);
insert into sms_std_member(std_id, member_id) values(2,4);
insert into sms_std_member(std_id, member_id) values(2,5);

insert into sms_std_member(std_id, member_id, leader) values(3,3,true);
insert into sms_std_member(std_id, member_id) values(3,4);
insert into sms_std_member(std_id, member_id) values(3,5);
insert into sms_std_member(std_id, member_id) values(3,6);
insert into sms_std_member(std_id, member_id) values(3,7);
  
insert into sms_std_member(std_id, member_id,leader) values(100,2,true);
insert into sms_std_member(std_id, member_id) values(100,3);
insert into sms_std_member(std_id, member_id) values(100,4);
insert into sms_std_member(std_id, member_id) values(100,5);
insert into sms_std_member(std_id, member_id) values(100,6);
insert into sms_std_member(std_id, member_id) values(100,7);

insert into sms_std_member(std_id, end_date, member_id) values(100,'2019-06-19',7);


-- 스터디 회원 정보(종료 상태, 종료 날짜, 출석률 포함)
insert into sms_std_member(std_id, member_id, end_state_cls_id, join_date, end_date, atn_pct)
values(20, 2, 1, 20190101, 20190110, 80);
insert into sms_std_member(std_id, member_id, end_state_cls_id, join_date, end_date, atn_pct)
values(21, 2, 2, 20190101, 20190210, 90);
insert into sms_std_member(std_id, member_id, end_state_cls_id, join_date, end_date, atn_pct)
values(22, 2, 3, 20190101, 20190310, 70);
insert into sms_std_member(std_id, member_id, end_state_cls_id, join_date, end_date, atn_pct)
values(23, 2, 1, 20190101, 20190410, 60);
insert into sms_std_member(std_id, member_id, end_state_cls_id, join_date, end_date, atn_pct)
values(24, 2, 2, 20190101, 20190510, 70);
insert into sms_std_member(std_id, member_id, end_state_cls_id, join_date, end_date, atn_pct)
values(25, 2, 3, 20190101, 20190610, 100);

insert into sms_std_member(std_id, member_id, end_state_cls_id, join_date, end_date, atn_pct)
values(30, 3, 1, 20190101, 20190110, 90);
insert into sms_std_member(std_id, member_id, end_state_cls_id, join_date, end_date, atn_pct)
values(31, 3, 2, 20190101, 20190210, 70);
insert into sms_std_member(std_id, member_id, end_state_cls_id, join_date, end_date, atn_pct)
values(32, 3, 3, 20190101, 20190310, 80);
insert into sms_std_member(std_id, member_id, end_state_cls_id, join_date, end_date, atn_pct)
values(33, 3, 1, 20190101, 20190410, 60);
insert into sms_std_member(std_id, member_id, end_state_cls_id, join_date, end_date, atn_pct)
values(34, 3, 2, 20190101, 20190510, 80);
insert into sms_std_member(std_id, member_id, end_state_cls_id, join_date, end_date, atn_pct)
values(35, 3, 3, 20190101, 20190610, 100);

insert into sms_std_member(std_id, member_id, end_state_cls_id, join_date, end_date, atn_pct)
values(40, 4, 1, 20190101, 20190115, 90);
insert into sms_std_member(std_id, member_id, end_state_cls_id, join_date, end_date, atn_pct)
values(41, 4, 2, 20190101, 20190220, 100);
insert into sms_std_member(std_id, member_id, end_state_cls_id, join_date, end_date, atn_pct)
values(42, 4, 3, 20190101, 20190311, 60);
insert into sms_std_member(std_id, member_id, end_state_cls_id, join_date, end_date, atn_pct)
values(43, 4, 1, 20190101, 20190405, 30);
insert into sms_std_member(std_id, member_id, end_state_cls_id, join_date, end_date, atn_pct)
values(44, 4, 2, 20190101, 20190525, 80);
insert into sms_std_member(std_id, member_id, end_state_cls_id, join_date, end_date, atn_pct)
values(45, 4, 3, 20190101, 20190612, 100);

-- 회원의 평점을 매달 1일 마다 갱신 한다. sms_member_rate_log 테이블
insert into sms_member_rate_log(member_id, rate, update_dt) values(2, 4, 20181201);
insert into sms_member_rate_log(member_id, rate, update_dt) values(2, 2, 20190101);
insert into sms_member_rate_log(member_id, rate, update_dt) values(2, 3.5, 20190201);
insert into sms_member_rate_log(member_id, rate, update_dt) values(2, 3, 20190301);
insert into sms_member_rate_log(member_id, rate, update_dt) values(2, 4, 20190401);

insert into sms_member_rate_log(member_id, rate, update_dt) values(3, 2.5, 20190101);
insert into sms_member_rate_log(member_id, rate, update_dt) values(3, 4, 20190201);
insert into sms_member_rate_log(member_id, rate, update_dt) values(3, 3.5, 20190301);
insert into sms_member_rate_log(member_id, rate, update_dt) values(3, 3, 20190401);
insert into sms_member_rate_log(member_id, rate, update_dt) values(3, 5, 20190501);
insert into sms_member_rate_log(member_id, rate, update_dt) values(3, 4.5, 20190601);

insert into sms_member_rate_log(member_id, rate, update_dt) values(4, 3.5, 20190201);
insert into sms_member_rate_log(member_id, rate, update_dt) values(4, 3, 20190301);
insert into sms_member_rate_log(member_id, rate, update_dt) values(4, 5, 20190401);
insert into sms_member_rate_log(member_id, rate, update_dt) values(4, 4, 20190501);
insert into sms_member_rate_log(member_id, rate, update_dt) values(4, 4.5, 20190601);


-- 스터디 활동일
-- 



-- 활동 지역
insert into sms_adr_l(adr_l_id, name) values(11, '수도권');
insert into sms_adr_l(adr_l_id, name) values(12, '강원권');
insert into sms_adr_l(adr_l_id, name) values(13, '춘천권');
insert into sms_adr_l(adr_l_id, name) values(14, '호남권');
insert into sms_adr_l(adr_l_id, name) values(15, '대경권');
insert into sms_adr_l(adr_l_id, name) values(16, '동남권');
insert into sms_adr_l(adr_l_id, name) values(55, '서울시');

insert into sms_adr_m(adr_m_id, adr_l_id, name) values(11, 11, '수도권-1');
insert into sms_adr_m(adr_m_id, adr_l_id, name) values(12, 11, '수도권-2');
insert into sms_adr_m(adr_m_id, adr_l_id, name) values(13, 11, '수도권-3');
insert into sms_adr_m(adr_m_id, adr_l_id, name) values(14, 11, '수도권-4');

insert into sms_adr_m(adr_m_id, adr_l_id, name) values(11, 12, '강원권-1');
insert into sms_adr_m(adr_m_id, adr_l_id, name) values(12, 12, '강원권-2');
insert into sms_adr_m(adr_m_id, adr_l_id, name) values(13, 12, '강원권-3');
insert into sms_adr_m(adr_m_id, adr_l_id, name) values(14, 12, '강원권-4');

insert into sms_adr_m(adr_m_id, adr_l_id, name) values(11, 13, '춘천권-1');
insert into sms_adr_m(adr_m_id, adr_l_id, name) values(12, 13, '춘천권-2');
insert into sms_adr_m(adr_m_id, adr_l_id, name) values(13, 13, '춘천권-3');
insert into sms_adr_m(adr_m_id, adr_l_id, name) values(14, 13, '춘천권-4');

insert into sms_adr_m(adr_m_id, adr_l_id, name) values(11, 14, '호남권-1');
insert into sms_adr_m(adr_m_id, adr_l_id, name) values(12, 14, '호남권-2');
insert into sms_adr_m(adr_m_id, adr_l_id, name) values(13, 14, '호남권-3');
insert into sms_adr_m(adr_m_id, adr_l_id, name) values(14, 14, '호남권-4');

insert into sms_adr_m(adr_m_id, adr_l_id, name) values(11, 15, '대경권-1');
insert into sms_adr_m(adr_m_id, adr_l_id, name) values(12, 15, '대경권-2');
insert into sms_adr_m(adr_m_id, adr_l_id, name) values(13, 15, '대경권-3');
insert into sms_adr_m(adr_m_id, adr_l_id, name) values(14, 15, '대경권-4');

insert into sms_adr_m(adr_m_id, adr_l_id, name) values(11, 16, '동남권-1');
insert into sms_adr_m(adr_m_id, adr_l_id, name) values(12, 16, '동남권-2');
insert into sms_adr_m(adr_m_id, adr_l_id, name) values(13, 16, '동남권-3');
insert into sms_adr_m(adr_m_id, adr_l_id, name) values(14, 16, '동남권-4');
insert into sms_adr_m(adr_m_id, adr_l_id, name) values(55, 55, '강남구');
insert into sms_adr_m(adr_m_id, adr_l_id, name) values(66, 55, '종로구');

insert into sms_adr_s(adr_s_id, adr_m_id, adr_l_id, name) values(11, 11, 11, '수도권-1-1');
insert into sms_adr_s(adr_s_id, adr_m_id, adr_l_id, name) values(12, 11, 11, '수도권-1-2');
insert into sms_adr_s(adr_s_id, adr_m_id, adr_l_id, name) values(11, 12, 11, '수도권-2-1');
insert into sms_adr_s(adr_s_id, adr_m_id, adr_l_id, name) values(12, 12, 11, '수도권-2-2');
insert into sms_adr_s(adr_s_id, adr_m_id, adr_l_id, name) values(11, 13, 11, '수도권-3-1');
insert into sms_adr_s(adr_s_id, adr_m_id, adr_l_id, name) values(12, 13, 11, '수도권-3-2');
insert into sms_adr_s(adr_s_id, adr_m_id, adr_l_id, name) values(11, 14, 11, '수도권-4-1');
insert into sms_adr_s(adr_s_id, adr_m_id, adr_l_id, name) values(12, 14, 11, '수도권-4-2');

insert into sms_adr_s(adr_s_id, adr_m_id, adr_l_id, name) values(11, 11, 12, '강원권-1-1');
insert into sms_adr_s(adr_s_id, adr_m_id, adr_l_id, name) values(12, 11, 12, '강원권-1-2');
insert into sms_adr_s(adr_s_id, adr_m_id, adr_l_id, name) values(11, 12, 12, '강원권-2-1');
insert into sms_adr_s(adr_s_id, adr_m_id, adr_l_id, name) values(12, 12, 12, '강원권-2-2');
insert into sms_adr_s(adr_s_id, adr_m_id, adr_l_id, name) values(11, 13, 12, '강원권-3-1');
insert into sms_adr_s(adr_s_id, adr_m_id, adr_l_id, name) values(12, 13, 12, '강원권-3-2');
insert into sms_adr_s(adr_s_id, adr_m_id, adr_l_id, name) values(11, 14, 12, '강원권-4-1');
insert into sms_adr_s(adr_s_id, adr_m_id, adr_l_id, name) values(12, 14, 12, '강원권-4-2');

insert into sms_adr_s(adr_s_id, adr_m_id, adr_l_id, name) values(11, 11, 13, '춘천권-1-1');
insert into sms_adr_s(adr_s_id, adr_m_id, adr_l_id, name) values(12, 11, 13, '춘천권-1-2');
insert into sms_adr_s(adr_s_id, adr_m_id, adr_l_id, name) values(11, 12, 13, '춘천권-2-1');
insert into sms_adr_s(adr_s_id, adr_m_id, adr_l_id, name) values(12, 12, 13, '춘천권-2-2');
insert into sms_adr_s(adr_s_id, adr_m_id, adr_l_id, name) values(11, 13, 13, '춘천권-3-1');
insert into sms_adr_s(adr_s_id, adr_m_id, adr_l_id, name) values(12, 13, 13, '춘천권-3-2');
insert into sms_adr_s(adr_s_id, adr_m_id, adr_l_id, name) values(11, 14, 13, '춘천권-4-1');
insert into sms_adr_s(adr_s_id, adr_m_id, adr_l_id, name) values(12, 14, 13, '춘천권-4-2');

insert into sms_adr_s(adr_s_id, adr_m_id, adr_l_id, name) values(11, 11, 14, '호남권-1-1');
insert into sms_adr_s(adr_s_id, adr_m_id, adr_l_id, name) values(12, 11, 14, '호남권-1-2');
insert into sms_adr_s(adr_s_id, adr_m_id, adr_l_id, name) values(11, 12, 14, '호남권-2-1');
insert into sms_adr_s(adr_s_id, adr_m_id, adr_l_id, name) values(12, 12, 14, '호남권-2-2');
insert into sms_adr_s(adr_s_id, adr_m_id, adr_l_id, name) values(11, 13, 14, '호남권-3-1');
insert into sms_adr_s(adr_s_id, adr_m_id, adr_l_id, name) values(12, 13, 14, '호남권-3-2');
insert into sms_adr_s(adr_s_id, adr_m_id, adr_l_id, name) values(11, 14, 14, '호남권-4-1');
insert into sms_adr_s(adr_s_id, adr_m_id, adr_l_id, name) values(12, 14, 14, '호남권-4-2');

insert into sms_adr_s(adr_s_id, adr_m_id, adr_l_id, name) values(11, 11, 15, '대경권-1-1');
insert into sms_adr_s(adr_s_id, adr_m_id, adr_l_id, name) values(12, 11, 15, '대경권-1-2');
insert into sms_adr_s(adr_s_id, adr_m_id, adr_l_id, name) values(11, 12, 15, '대경권-2-1');
insert into sms_adr_s(adr_s_id, adr_m_id, adr_l_id, name) values(12, 12, 15, '대경권-2-2');
insert into sms_adr_s(adr_s_id, adr_m_id, adr_l_id, name) values(11, 13, 15, '대경권-3-1');
insert into sms_adr_s(adr_s_id, adr_m_id, adr_l_id, name) values(12, 13, 15, '대경권-3-2');
insert into sms_adr_s(adr_s_id, adr_m_id, adr_l_id, name) values(11, 14, 15, '대경권-4-1');
insert into sms_adr_s(adr_s_id, adr_m_id, adr_l_id, name) values(12, 14, 15, '대경권-4-2');

insert into sms_adr_s(adr_s_id, adr_m_id, adr_l_id, name) values(11, 11, 16, '동남권-1-1');
insert into sms_adr_s(adr_s_id, adr_m_id, adr_l_id, name) values(12, 11, 16, '동남권-1-2');
insert into sms_adr_s(adr_s_id, adr_m_id, adr_l_id, name) values(11, 12, 16, '동남권-2-1');
insert into sms_adr_s(adr_s_id, adr_m_id, adr_l_id, name) values(12, 12, 16, '동남권-2-2');
insert into sms_adr_s(adr_s_id, adr_m_id, adr_l_id, name) values(11, 13, 16, '동남권-3-1');
insert into sms_adr_s(adr_s_id, adr_m_id, adr_l_id, name) values(12, 13, 16, '동남권-3-2');
insert into sms_adr_s(adr_s_id, adr_m_id, adr_l_id, name) values(11, 14, 16, '동남권-4-1');
insert into sms_adr_s(adr_s_id, adr_m_id, adr_l_id, name) values(12, 14, 16, '동남권-4-2');
insert into sms_adr_s(adr_s_id, adr_m_id, adr_l_id, name) values(55, 55, 55, '역삼동');
insert into sms_adr_s(adr_s_id, adr_m_id, adr_l_id, name) values(66, 66, 55, '종로2가');

-- 스터디 분류
insert into sms_std_cls_l(cls_l_id, name) values(11, 'IT');
insert into sms_std_cls_l(cls_l_id, name) values(12, '서비스');
insert into sms_std_cls_l(cls_l_id, name) values(13, '금융');
insert into sms_std_cls_l(cls_l_id, name) values(14, '예체능');
insert into sms_std_cls_l(cls_l_id, name) values(15, '인문');
insert into sms_std_cls_l(cls_l_id, name) values(16, '공학');
insert into sms_std_cls_l(cls_l_id, name) values(17, '외국어');

insert into sms_std_cls_m(cls_m_id, cls_l_id, name) values(11, 11, 'it-1');
insert into sms_std_cls_m(cls_m_id, cls_l_id, name) values(12, 11, 'it-2');
insert into sms_std_cls_m(cls_m_id, cls_l_id, name) values(13, 11, 'it-3');
insert into sms_std_cls_m(cls_m_id, cls_l_id, name) values(14, 11, 'it-4');

insert into sms_std_cls_m(cls_m_id, cls_l_id, name) values(11, 12, '서비스-1');
insert into sms_std_cls_m(cls_m_id, cls_l_id, name) values(12, 12, '서비스-2');
insert into sms_std_cls_m(cls_m_id, cls_l_id, name) values(13, 12, '서비스-3');
insert into sms_std_cls_m(cls_m_id, cls_l_id, name) values(14, 12, '서비스-4');

insert into sms_std_cls_m(cls_m_id, cls_l_id, name) values(11, 13, '금융-1');
insert into sms_std_cls_m(cls_m_id, cls_l_id, name) values(12, 13, '금융-2');
insert into sms_std_cls_m(cls_m_id, cls_l_id, name) values(13, 13, '금융-3');
insert into sms_std_cls_m(cls_m_id, cls_l_id, name) values(14, 13, '금융-4');

insert into sms_std_cls_m(cls_m_id, cls_l_id, name) values(11, 14, '예체능-1');
insert into sms_std_cls_m(cls_m_id, cls_l_id, name) values(12, 14, '예체능-2');
insert into sms_std_cls_m(cls_m_id, cls_l_id, name) values(13, 14, '예체능-3');
insert into sms_std_cls_m(cls_m_id, cls_l_id, name) values(14, 14, '예체능-4');

insert into sms_std_cls_m(cls_m_id, cls_l_id, name) values(11, 15, '인문-1');
insert into sms_std_cls_m(cls_m_id, cls_l_id, name) values(12, 15, '인문-2');
insert into sms_std_cls_m(cls_m_id, cls_l_id, name) values(13, 15, '인문-3');
insert into sms_std_cls_m(cls_m_id, cls_l_id, name) values(14, 15, '인문-4');

insert into sms_std_cls_m(cls_m_id, cls_l_id, name) values(11, 16, '공학-1');
insert into sms_std_cls_m(cls_m_id, cls_l_id, name) values(12, 16, '공학-2');
insert into sms_std_cls_m(cls_m_id, cls_l_id, name) values(13, 16, '공학-3');
insert into sms_std_cls_m(cls_m_id, cls_l_id, name) values(14, 16, '공학-4');

insert into sms_std_cls_s(cls_s_id, cls_m_id, cls_l_id, name) values(11, 11, 11, 'it-1-1');
insert into sms_std_cls_s(cls_s_id, cls_m_id, cls_l_id, name) values(12, 11, 11, 'it-1-2');
insert into sms_std_cls_s(cls_s_id, cls_m_id, cls_l_id, name) values(11, 12, 11, 'it-2-1');
insert into sms_std_cls_s(cls_s_id, cls_m_id, cls_l_id, name) values(12, 12, 11, 'it-2-2');
insert into sms_std_cls_s(cls_s_id, cls_m_id, cls_l_id, name) values(11, 13, 11, 'it-3-1');
insert into sms_std_cls_s(cls_s_id, cls_m_id, cls_l_id, name) values(12, 13, 11, 'it-3-2');
insert into sms_std_cls_s(cls_s_id, cls_m_id, cls_l_id, name) values(11, 14, 11, 'it-4-1');
insert into sms_std_cls_s(cls_s_id, cls_m_id, cls_l_id, name) values(12, 14, 11, 'it-4-2');

insert into sms_std_cls_s(cls_s_id, cls_m_id, cls_l_id, name) values(11, 11, 12, '서비스-1-1');
insert into sms_std_cls_s(cls_s_id, cls_m_id, cls_l_id, name) values(12, 11, 12, '서비스-1-2');
insert into sms_std_cls_s(cls_s_id, cls_m_id, cls_l_id, name) values(11, 12, 12, '서비스-2-1');
insert into sms_std_cls_s(cls_s_id, cls_m_id, cls_l_id, name) values(12, 12, 12, '서비스-2-2');
insert into sms_std_cls_s(cls_s_id, cls_m_id, cls_l_id, name) values(11, 13, 12, '서비스-3-1');
insert into sms_std_cls_s(cls_s_id, cls_m_id, cls_l_id, name) values(12, 13, 12, '서비스-3-2');
insert into sms_std_cls_s(cls_s_id, cls_m_id, cls_l_id, name) values(11, 14, 12, '서비스-4-1');
insert into sms_std_cls_s(cls_s_id, cls_m_id, cls_l_id, name) values(12, 14, 12, '서비스-4-2');

insert into sms_std_cls_s(cls_s_id, cls_m_id, cls_l_id, name) values(11, 11, 13, '금융-1-1');
insert into sms_std_cls_s(cls_s_id, cls_m_id, cls_l_id, name) values(12, 11, 13, '금융-1-2');
insert into sms_std_cls_s(cls_s_id, cls_m_id, cls_l_id, name) values(11, 12, 13, '금융-2-1');
insert into sms_std_cls_s(cls_s_id, cls_m_id, cls_l_id, name) values(12, 12, 13, '금융-2-2');
insert into sms_std_cls_s(cls_s_id, cls_m_id, cls_l_id, name) values(11, 13, 13, '금융-3-1');
insert into sms_std_cls_s(cls_s_id, cls_m_id, cls_l_id, name) values(12, 13, 13, '금융-3-2');
insert into sms_std_cls_s(cls_s_id, cls_m_id, cls_l_id, name) values(11, 14, 13, '금융-4-1');
insert into sms_std_cls_s(cls_s_id, cls_m_id, cls_l_id, name) values(12, 14, 13, '금융-4-2');

insert into sms_std_cls_s(cls_s_id, cls_m_id, cls_l_id, name) values(11, 11, 14, '예체능-1-1');
insert into sms_std_cls_s(cls_s_id, cls_m_id, cls_l_id, name) values(12, 11, 14, '예체능-1-2');
insert into sms_std_cls_s(cls_s_id, cls_m_id, cls_l_id, name) values(11, 12, 14, '예체능-2-1');
insert into sms_std_cls_s(cls_s_id, cls_m_id, cls_l_id, name) values(12, 12, 14, '예체능-2-2');
insert into sms_std_cls_s(cls_s_id, cls_m_id, cls_l_id, name) values(11, 13, 14, '예체능-3-1');
insert into sms_std_cls_s(cls_s_id, cls_m_id, cls_l_id, name) values(12, 13, 14, '예체능-3-2');
insert into sms_std_cls_s(cls_s_id, cls_m_id, cls_l_id, name) values(11, 14, 14, '예체능-4-1');
insert into sms_std_cls_s(cls_s_id, cls_m_id, cls_l_id, name) values(12, 14, 14, '예체능-4-2');

insert into sms_std_cls_s(cls_s_id, cls_m_id, cls_l_id, name) values(11, 11, 15, '인문-1-1');
insert into sms_std_cls_s(cls_s_id, cls_m_id, cls_l_id, name) values(12, 11, 15, '인문-1-2');
insert into sms_std_cls_s(cls_s_id, cls_m_id, cls_l_id, name) values(11, 12, 15, '인문-2-1');
insert into sms_std_cls_s(cls_s_id, cls_m_id, cls_l_id, name) values(12, 12, 15, '인문-2-2');
insert into sms_std_cls_s(cls_s_id, cls_m_id, cls_l_id, name) values(11, 13, 15, '인문-3-1');
insert into sms_std_cls_s(cls_s_id, cls_m_id, cls_l_id, name) values(12, 13, 15, '인문-3-2');
insert into sms_std_cls_s(cls_s_id, cls_m_id, cls_l_id, name) values(11, 14, 15, '인문-4-1');
insert into sms_std_cls_s(cls_s_id, cls_m_id, cls_l_id, name) values(12, 14, 15, '인문-4-2');

insert into sms_std_cls_s(cls_s_id, cls_m_id, cls_l_id, name) values(11, 11, 16, '공학-1-1');
insert into sms_std_cls_s(cls_s_id, cls_m_id, cls_l_id, name) values(12, 11, 16, '공학-1-2');
insert into sms_std_cls_s(cls_s_id, cls_m_id, cls_l_id, name) values(11, 12, 16, '공학-2-1');
insert into sms_std_cls_s(cls_s_id, cls_m_id, cls_l_id, name) values(12, 12, 16, '공학-2-2');
insert into sms_std_cls_s(cls_s_id, cls_m_id, cls_l_id, name) values(11, 13, 16, '공학-3-1');
insert into sms_std_cls_s(cls_s_id, cls_m_id, cls_l_id, name) values(12, 13, 16, '공학-3-2');
insert into sms_std_cls_s(cls_s_id, cls_m_id, cls_l_id, name) values(11, 14, 16, '공학-4-1');
insert into sms_std_cls_s(cls_s_id, cls_m_id, cls_l_id, name) values(12, 14, 16, '공학-4-2');



-- 회원 평점 정보
-- 회원 평점 정보 키, 회원 번호 , 평점 , 평가일


insert into sms_member_rate_info(std_id, member_id, confirm_member_id, rate, rate_dt) values(1, 5, 2, 3.0, 20190513);
insert into sms_member_rate_info(std_id, member_id, confirm_member_id, rate, rate_dt) values(1, 5, 3, 2.5, 20190513);
insert into sms_member_rate_info(std_id, member_id, confirm_member_id, rate, rate_dt) values(1, 5, 4, 4.0, 20191013);
insert into sms_member_rate_info(std_id, member_id, confirm_member_id, rate, rate_dt) values(1, 5, 6, 1.0, 20190513);
insert into sms_member_rate_info(std_id, member_id, confirm_member_id, rate, rate_dt) values(1, 5, 7, 2.0, 20191013);

insert into sms_member_rate_info(std_id, member_id, confirm_member_id, rate, rate_dt) values(3, 3, 4, 3.0, 20190513);
insert into sms_member_rate_info(std_id, member_id, confirm_member_id, rate, rate_dt) values(3, 3, 5, 2.5, 20190520);
insert into sms_member_rate_info(std_id, member_id, confirm_member_id, rate, rate_dt) values(3, 3, 6, 3.5, 20190515);
insert into sms_member_rate_info(std_id, member_id, confirm_member_id, rate, rate_dt) values(3, 3, 7, 1.5, 20190602);


-- 회원 스터디 신청 정보
-- 회원번호, 스터디번호, 스터디 각오, 열람여부, 신청일

insert into sms_apl_std(member_id, std_id, dtrm) values(2, 2, '잘부탁드려요~');
insert into sms_apl_std(member_id, std_id, dtrm, apl_date) values(2, 3, '열심히 하겠습니다!', 20190401);
insert into sms_apl_std(member_id, std_id, dtrm, state, apl_date) values(2, 4, '꼭 참여하고 싶습니다.', true, 20190411);
insert into sms_apl_std(member_id, std_id, dtrm, apl_date) values(2, 5, '노력 하겠습니다!', 20190501);

insert into sms_apl_std(member_id, std_id, dtrm, apl_date) values(3, 5, '제발 받아주세요...', 20190422);
insert into sms_apl_std(member_id, std_id, dtrm) values(3, 6, '같이 공부하면서 실력을 키우고 싶어요');
insert into sms_apl_std(member_id, std_id, dtrm, state, apl_date) values(3, 7, '열심히 하겠습니다!', true, 20190415);
insert into sms_apl_std(member_id, std_id, dtrm, apl_date) values(3, 8, '이 스터디 정말 하고 싶습니다', 20190522);

insert into sms_apl_std(member_id, std_id, dtrm, apl_date) values(4, 2, '제발 받아주세요...', 20190422);
insert into sms_apl_std(member_id, std_id, dtrm) values(4, 4, '같이 공부하면서 실력을 키우고 싶어요');
insert into sms_apl_std(member_id, std_id, dtrm, state, apl_date) values(4, 9, '열심히 하겠습니다!', true, 20190420);
insert into sms_apl_std(member_id, std_id, dtrm, apl_date) values(4, 10, '이 스터디 정말 하고 싶습니다', 20190522);

-- 회원 스터디 신청 정보
-- 회원번호, 스터디번호, 스터디 각오, 열람여부, 신청일

insert into sms_pick_std(member_id, std_id) values(2, 9);
insert into sms_pick_std(member_id, std_id) values(2, 10);
insert into sms_pick_std(member_id, std_id) values(2, 11);
insert into sms_pick_std(member_id, std_id) values(2, 12);

insert into sms_pick_std(member_id, std_id) values(3, 9);
insert into sms_pick_std(member_id, std_id) values(3, 10);
insert into sms_pick_std(member_id, std_id) values(3, 11);
insert into sms_pick_std(member_id, std_id) values(3, 12);

insert into sms_pick_std(member_id, std_id) values(4, 13);
insert into sms_pick_std(member_id, std_id) values(4, 14);
insert into sms_pick_std(member_id, std_id) values(4, 15);
insert into sms_pick_std(member_id, std_id) values(4, 16);

-- 게시판 분류 (문의,신고)생성
insert into sms_board_cls (cls_id, cls_name)
  values(1, '문의');
  insert into sms_board_cls (cls_id, cls_name)
  values(2, '신고');

-- 문의/신고 게시물 생성

  -- 문의 게시물
insert into sms_rprt_inqry (rprt_inqry_id, cls_id, inqry_id, cont)
  values(1, 1, 2, '2번 회원의 문의 내용이 들어갑니다.');
  insert into sms_rprt_inqry (rprt_inqry_id, cls_id, inqry_id, cont)
  values(2, 1, 3, '3번 회원의 문의 내용이 들어갑니다.');
  insert into sms_rprt_inqry (rprt_inqry_id, cls_id, inqry_id, cont)
  values(3, 1, 4, '4번 회원의 문의 내용이 들어갑니다.');
  
  -- 신고 게시물
  insert into sms_rprt_inqry (rprt_inqry_id, cls_id, inqry_id, sspct_id, cont)
  values(4, 2, 2, 3, '2번 회원의 3번 회원에 대한 신고 내용이 들어갑니다.');
  insert into sms_rprt_inqry (rprt_inqry_id, cls_id, inqry_id, sspct_id, cont)
  values(5, 2, 3, 4, '3번 회원의 4번 회원에 대한 신고 내용이 들어갑니다.');
  insert into sms_rprt_inqry (rprt_inqry_id, cls_id, inqry_id, sspct_id, cont)
  values(6, 2, 4, 5, '4번 회원의 5번 회원에 대한 신고 내용이 들어갑니다.');

insert into sms_rprt_inqry (rprt_inqry_id, cls_id, inqry_id, sspct_id, cont)
  values(7, 2, 3, 2, '3번 회원의 2번 회원에 대한 신고 내용이 들어갑니다.');
  insert into sms_rprt_inqry (rprt_inqry_id, cls_id, inqry_id, sspct_id, cont)
  values(8, 2, 4, 2, '4번 회원의 2번 회원에 대한 신고 내용이 들어갑니다.');
  insert into sms_rprt_inqry (rprt_inqry_id, cls_id, inqry_id, sspct_id, cont)
  values(9, 2, 5, 4, '5번 회원의 4번 회원에 대한 신고 내용이 들어갑니다.');

  insert into sms_rprt_inqry (rprt_inqry_id, cls_id, inqry_id, cont)
  values(10, 1, 2, '2번 회원의 문의 내용이 들어갑니다.');
  insert into sms_rprt_inqry (rprt_inqry_id, cls_id, inqry_id, cont)
  values(11, 1, 3, '3번 회원의 문의 내용이 들어갑니다.');
  insert into sms_rprt_inqry (rprt_inqry_id, cls_id, inqry_id, cont)
  values(12, 1, 4, '4번 회원의 문의 내용이 들어갑니다.');
  

  
-- 공간 데이터 입력
insert into sms_space(space_id, name, adr_lms, adr_dtl, tel, intro) values('101', '지환스터디', '555555', '819-4 YBM빌딩 2층', '010-1234-5678', '강남역에 위치한 지환스터디입니다. 반가워요 ~');
insert into sms_space(space_id, name, adr_lms, adr_dtl, tel, intro) values('102', '현우스터디', '555555', '818-11', '010-1234-5678', '분위기 있는 강남역 스터디룸 현우스터디입니다 :)');
insert into sms_space(space_id, name, adr_lms, adr_dtl, tel, intro) values('103', '상민스터디', '555555', '825-35', '010-1234-5678', '역삼동 스터디룸 상민스터디입니다 !!');
insert into sms_space(space_id, name, adr_lms, adr_dtl, tel, intro) values('104', '상현스터디', '555555', '820-11', '010-1234-5678', '앤티크한 소품으로 인테리어한 상현스터디 입니다 ~');
insert into sms_space(space_id, name, adr_lms, adr_dtl, tel, intro) values('105', '희욱스터디', '555555', '825-18', '010-1234-5678', '트렌디한 공간 희욱 스터디입니다.');

-- 공간 스터디룸 데이터 입력
insert into sms_space_room(space_room_id, space_id, name, photo, prsn, price) values('201', '101', '지환룸 1번방', '/studyboot/images/room1-1.jpg', '4', '1000');
insert into sms_space_room(space_room_id, space_id, name, photo, prsn, price) values('202', '101', '지환룸 2번방', '/studyboot/images/room1-2.jpg', '6', '1000');
insert into sms_space_room(space_room_id, space_id, name, photo, prsn, price) values('203', '101', '지환룸 3번방', '/studyboot/images/room1-3jpg', '8', '1000');
insert into sms_space_room(space_room_id, space_id, name, photo, prsn, price) values('204', '101', '지환룸 4번방', '/studyboot/images/room1-4jpg', '8', '1000');

insert into sms_space_room(space_room_id, space_id, name, photo, prsn, price) values('205', '102', '현우룸 1번방', '/studyboot/images/room2-1.jpg', '6', '1500');
insert into sms_space_room(space_room_id, space_id, name, photo, prsn, price) values('206', '102', '현우룸 2번방', '/studyboot/images/room2-2.jpg', '6', '1500');
insert into sms_space_room(space_room_id, space_id, name, photo, prsn, price) values('207', '102', '현우룸 3번방', '/studyboot/images/room2-3.jpg', '8', '1500');
insert into sms_space_room(space_room_id, space_id, name, photo, prsn, price) values('208', '102', '현우룸 4번방', '/studyboot/images/room2-4.jpg', '12', '1500');

insert into sms_space_room(space_room_id, space_id, name, photo, prsn, price) values('209', '103', '상민룸 1번방', '/studyboot/images/room3-1.jpg', '4', '1500');
insert into sms_space_room(space_room_id, space_id, name, photo, prsn, price) values('210', '103', '상민룸 2번방', '/studyboot/images/room3-2.jpg', '6', '1500');
insert into sms_space_room(space_room_id, space_id, name, photo, prsn, price) values('211', '103', '상민룸 3번방', '/studyboot/images/room3-3.jpg', '6', '1500');
insert into sms_space_room(space_room_id, space_id, name, photo, prsn, price) values('212', '103', '상민룸 3번방', '/studyboot/images/room3-4.jpg', '8', '1500');

insert into sms_space_room(space_room_id, space_id, name, photo, prsn, price) values('213', '104', '상현룸 1번방', '/studyboot/images/room4-1.jpg', '6', '1000');
insert into sms_space_room(space_room_id, space_id, name, photo, prsn, price) values('214', '104', '상현룸 2번방', '/studyboot/images/room4-2.jpg', '8', '1000');
insert into sms_space_room(space_room_id, space_id, name, photo, prsn, price) values('215', '104', '상현룸 3번방', '/studyboot/images/room4-3.jpg', '12', '1000');
insert into sms_space_room(space_room_id, space_id, name, photo, prsn, price) values('216', '104', '상현룸 3번방', '/studyboot/images/room4-4.jpg', '12', '1000');

insert into sms_space_room(space_room_id, space_id, name, photo, prsn, price) values('217', '105', '희욱룸 1번방', '/studyboot/images/room5-1.jpg', '4', '1500');
insert into sms_space_room(space_room_id, space_id, name, photo, prsn, price) values('218', '105', '희욱룸 2번방', '/studyboot/images/room5-2.jpg', '4', '1500');
insert into sms_space_room(space_room_id, space_id, name, photo, prsn, price) values('219', '105', '희욱룸 3번방', '/studyboot/images/room5-3.jpg', '8', '1500');
insert into sms_space_room(space_room_id, space_id, name, photo, prsn, price) values('220', '105', '희욱룸 3번방', '/studyboot/images/room5-4.jpg', '8', '1500');

-- 공간 태그 데이터 입력
insert into sms_tag(tag_id, space_id, name) values('301', '101', '#강남');
insert into sms_tag(tag_id, space_id, name) values('302', '101', '#지환');
insert into sms_tag(tag_id, space_id, name) values('303', '101', '#카페');

insert into sms_tag(tag_id, space_id, name) values('304', '102', '#강남');
insert into sms_tag(tag_id, space_id, name) values('305', '102', '#현우');
insert into sms_tag(tag_id, space_id, name) values('306', '102', '#스터디');

insert into sms_tag(tag_id, space_id, name) values('307', '103', '#분위기');
insert into sms_tag(tag_id, space_id, name) values('308', '103', '#상민');
insert into sms_tag(tag_id, space_id, name) values('309', '103', '#커피');

insert into sms_tag(tag_id, space_id, name) values('310', '104', '#강남');
insert into sms_tag(tag_id, space_id, name) values('311', '104', '#상현');
insert into sms_tag(tag_id, space_id, name) values('312', '104', '#앤티크');

insert into sms_tag(tag_id, space_id, name) values('313', '105', '#강남');
insert into sms_tag(tag_id, space_id, name) values('314', '105', '#희욱');
insert into sms_tag(tag_id, space_id, name) values('315 ', '105', '#트렌디');

-- 공간 사진
insert into sms_space_photo(space_photo_id, space_id, photo) values('401', '101', '/studyboot/images/studyroom1-1.jpg');
insert into sms_space_photo(space_photo_id, space_id, photo) values('402', '101', '/studyboot/images/studyroom1-2.jpg');
insert into sms_space_photo(space_photo_id, space_id, photo) values('403', '101', '/studyboot/images/studyroom1-3.jpg');

insert into sms_space_photo(space_photo_id, space_id, photo) values('404', '102', '/studyboot/images/studyroom2-1.jpg');
insert into sms_space_photo(space_photo_id, space_id, photo) values('405', '102', '/studyboot/images/studyroom2-2.jpg');
insert into sms_space_photo(space_photo_id, space_id, photo) values('406', '102', '/studyboot/images/studyroom2-3.jpg');

insert into sms_space_photo(space_photo_id, space_id, photo) values('407', '103', '/studyboot/images/studyroom3-1.jpg');
insert into sms_space_photo(space_photo_id, space_id, photo) values('408', '103', '/studyboot/images/studyroom3-2.jpg');
insert into sms_space_photo(space_photo_id, space_id, photo) values('409', '103', '/studyboot/images/studyroom3-3.jpg');

insert into sms_space_photo(space_photo_id, space_id, photo) values('410', '104', '/studyboot/images/studyroom4-1.jpg');
insert into sms_space_photo(space_photo_id, space_id, photo) values('411', '104', '/studyboot/images/studyroom4-2.jpg');
insert into sms_space_photo(space_photo_id, space_id, photo) values('412', '104', '/studyboot/images/studyroom4-3.jpg');

insert into sms_space_photo(space_photo_id, space_id, photo) values('413', '105', '/studyboot/images/studyroom5-1.jpg');
insert into sms_space_photo(space_photo_id, space_id, photo) values('414', '105', '/studyboot/images/studyroom5-2.jpg');
insert into sms_space_photo(space_photo_id, space_id, photo) values('415', '105', '/studyboot/images/studyroom5-3.jpg');

-- 편의시설
insert into sms_conv(conv_id, name) values('1', '와이파이');
insert into sms_conv(conv_id, name) values('2', '의자/테이블');
insert into sms_conv(conv_id, name) values('3', '내부 화장실');
insert into sms_conv(conv_id, name) values('4', '음식물 반입가능');
insert into sms_conv(conv_id, name) values('5', '흡연실');
insert into sms_conv(conv_id, name) values('6', '주차 가능');
insert into sms_conv(conv_id, name) values('7', 'PC/노트북');
insert into sms_conv(conv_id, name) values('8', '화이트보드');
insert into sms_conv(conv_id, name) values('9', 'TV/프로젝터');
insert into sms_conv(conv_id, name) values('10', '복사/인쇄기');
insert into sms_conv(conv_id, name) values('11', '음향/마이크');
insert into sms_conv(conv_id, name) values('12', '에어컨');

-- 공간 편의시설
insert into sms_space_conv_info(conv_id, space_id, note) values('1', '101', '와이파이는 기가 와이파이입니다 !!');
insert into sms_space_conv_info(conv_id, space_id, note) values('2', '101', '의자 및 테이블 여유있게 비치되어 있습니다 :)');
insert into sms_space_conv_info(conv_id, space_id, note) values('4', '101', '음료나 간단한 샌드위치는 반입 가능합니다 :)');
insert into sms_space_conv_info(conv_id, space_id, note) values('6', '101', '주차요금은 시간당 2천원입니다 ㅎㅎ');
insert into sms_space_conv_info(conv_id, space_id, note) values('12', '101', '에어컨 설치되어 있습니다~');

insert into sms_space_conv_info(conv_id, space_id, note) values('1', '102', '와이파이 이용 가능합니다 :)');
insert into sms_space_conv_info(conv_id, space_id, note) values('2', '102', '의자 및 테이블 있습니다 :)');
insert into sms_space_conv_info(conv_id, space_id, note) values('4', '102', '음료만 반입 가능합니다 :)');
insert into sms_space_conv_info(conv_id, space_id, note) values('9', '102', 'A4 크기만 인쇄 및 복사 가능합니다 :)');
insert into sms_space_conv_info(conv_id, space_id, note) values('12', '102', '에어컨 설치되어있습니다 :)');

insert into sms_space_conv_info(conv_id, space_id, note) values('1', '103', '와이파이 사용 가능합니다');
insert into sms_space_conv_info(conv_id, space_id, note) values('2', '103', '의자 및 테이블 비치되어 있습니다');
insert into sms_space_conv_info(conv_id, space_id, note) values('5', '103', '흡연실 비치되어 있습니다');
insert into sms_space_conv_info(conv_id, space_id, note) values('12', '103', '에어컨 설치되어있습니다');

insert into sms_space_conv_info(conv_id, space_id, note) values('1', '104', '와이파이 사용 가능합니다 ~');
insert into sms_space_conv_info(conv_id, space_id, note) values('2', '104', '앤티크한 분위기의 나무 의자 및 테이블 비치되어 있습니다 !!');
insert into sms_space_conv_info(conv_id, space_id, note) values('7', '104', '고사양의 PC 2대 설치되어 있습니다 ^^');
insert into sms_space_conv_info(conv_id, space_id, note) values('12', '104', '에어컨 설치되어있습니다');

insert into sms_space_conv_info(conv_id, space_id, note) values('1', '105', '와이파이 이용 가능합니다 :)');
insert into sms_space_conv_info(conv_id, space_id, note) values('2', '105', '트렌디한 디자인의 이케아 테이블 및 의자 비치되어 있습니다 :)');
insert into sms_space_conv_info(conv_id, space_id, note) values('8', '105', '세미나용 대형 화이트보드 비치되어 있습니다 :)');
insert into sms_space_conv_info(conv_id, space_id, note) values('12', '105', '에어컨 설치되어있습니다 :)');



-- 공간휴일
insert into sms_rest_day(space_id, rest_day) values('101', '2019-6-10');
insert into sms_rest_day(space_id, rest_day) values('102', '2019-6-17');
insert into sms_rest_day(space_id, rest_day) values('103', '2019-6-23');


-- 스터디룸 예약
insert into sms_space_room_bkng(space_bkng_id, space_room_id, std_id, member_id, bkng_sdt, bkng_edt,space_id) 
values (1, '201', '1', '2', '2019-5-5', '2019-5-5',101);

insert into sms_space_room_bkng(space_bkng_id, space_room_id, std_id, member_id, bkng_sdt, bkng_edt,space_id) 
values (2, '201', '1', '3', '2019-5-5', '2019-5-5',101);

insert into sms_space_room_bkng(space_bkng_id, space_room_id, std_id, member_id, bkng_sdt, bkng_edt,space_id) 
values (3, '201', '1', '4', '2019-5-5', '2019-5-5',101);

insert into sms_space_room_bkng(space_bkng_id, space_room_id, std_id, member_id, bkng_sdt, bkng_edt,space_id) 
values (4, '201', '1', '5', '2019-5-5','2019-5-5',101);

insert into sms_space_room_bkng(space_bkng_id, space_room_id, std_id, member_id, bkng_sdt, bkng_edt,space_id) 
values (5, '202', '2', '2', '2019-5-10', '2019-5-10',101);

  
  insert into sms_space_room_bkng ( space_room_id, space_id, std_id, member_id, bkng_sdt, bkng_edt)
  values (201,101,1,2,'2019-05-17 09:00','2019-05-17 09:50');
   insert into sms_space_room_bkng ( space_room_id, space_id, std_id, member_id, bkng_sdt, bkng_edt)
  values (202,101,1,2,'2019-05-17 10:00','2019-05-17 10:50');
    insert into sms_space_room_bkng ( space_room_id, space_id, std_id, member_id, bkng_sdt, bkng_edt)
  values (203,101,1,2,'2019-05-17 11:00','2019-05-17 11:50');
   insert into sms_space_room_bkng ( space_room_id, space_id, std_id, member_id, bkng_sdt, bkng_edt)
  values (201,101,1,2,'2019-05-17 12:00','2019-05-17 12:50');
    insert into sms_space_room_bkng ( space_room_id, space_id, std_id, member_id, bkng_sdt, bkng_edt)
  values (202,101,1,2,'2019-05-17 13:00','2019-05-17 13:50');
   insert into sms_space_room_bkng ( space_room_id, space_id, std_id, member_id, bkng_sdt, bkng_edt)
  values (203,101,1,2,'2019-05-17 14:00','2019-05-17 14:50');
     insert into sms_space_room_bkng ( space_room_id, space_id, std_id, member_id, bkng_sdt, bkng_edt)
  values (202,101,1,2,'2019-05-17 09:00','2019-05-17 09:50');
    insert into sms_space_room_bkng ( space_room_id, space_id, std_id, member_id, bkng_sdt, bkng_edt)
  values (203,101,1,2,'2019-05-17 09:00','2019-05-17 09:50');
   insert into sms_space_room_bkng ( space_room_id, space_id, std_id, member_id, bkng_sdt, bkng_edt)
  values (201,101,1,2,'2019-05-17 13:00','2019-05-17 13:50');
    insert into sms_space_room_bkng ( space_room_id, space_id, std_id, member_id, bkng_sdt, bkng_edt)
  values (203,101,1,2,'2019-05-17 13:00','2019-05-17 13:50');

  
  
insert into sms_space_review(space_review_id, member_id, space_id, rating, review)
values ('601', '2', '101', '3.0', '그저그래요');
insert into sms_space_review(space_review_id, member_id, space_id, rating, review)
values ('602', '3', '101', '5.0', '완벽합니다 너무 좋네요');
insert into sms_space_review(space_review_id, member_id, space_id, rating, review)
values ('603', '4', '101', '2.5', '에어컨이 잘 안나오네요');
insert into sms_space_review(space_review_id, member_id, space_id, rating, review)
values ('604', '5', '101', '4.0', '사장님이 친절해요');
insert into sms_space_review(space_review_id, member_id, space_id, rating, review)
values ('605', '3', '101', '3.5', '좋아요');

insert into sms_space_review(space_review_id, member_id, space_id, rating, review)
values ('606', '2', '102', '4.0', '잘 사용했습니다 :)');
insert into sms_space_review(space_review_id, member_id, space_id, rating, review)
values ('607', '3', '102', '4.5', '시설이나 분위기 정말 좋습니다 !!');
insert into sms_space_review(space_review_id, member_id, space_id, rating, review)
values ('608', '4', '102', '5.0', '사장님이 너무 친절합니다 !!');

insert into sms_space_review(space_review_id, member_id, space_id, rating, review)
values ('609', '2', '103', '4.0', '분위기 정말 좋네요');
insert into sms_space_review(space_review_id, member_id, space_id, rating, review)
values ('610', '3', '103', '4.0', '잘 썼습니다 ~~');
insert into sms_space_review(space_review_id, member_id, space_id, rating, review)
values ('611', '4', '103', '4.5', '다음에 또 오고 싶어요 !!');

insert into sms_space_review(space_review_id, member_id, space_id, rating, review)
values ('612', '2', '104', '3.0', '와이파이가 잘 안잡히네요');
insert into sms_space_review(space_review_id, member_id, space_id, rating, review)
values ('613', '3', '104', '5.0', '앤틱한 분위기 너무 좋네요');
insert into sms_space_review(space_review_id, member_id, space_id, rating, review)
values ('614', '4', '104', '3.5', '나쁘지 않네요~');

insert into sms_space_review(space_review_id, member_id, space_id, rating, review)
values ('615', '2', '105', '4.0', '에릭남이 운영하는 곳인가요?');
insert into sms_space_review(space_review_id, member_id, space_id, rating, review)
values ('616', '3', '105', '4.5', '스터디하기 좋은 분위기네요');
insert into sms_space_review(space_review_id, member_id, space_id, rating, review)
values ('617', '4', '105', '4.5', '사장님이 친절해서 다음에 또 오고 싶네요');



-- 쪽지 샘플 데이텅
insert into sms_msg(send_id, recv_id, titl, cont)
values(7, 6, "제목1", "7번이 6번에게 쪽지 보냄4");
insert into sms_msg(send_id, recv_id, titl, cont)
values(7, 6, "제목2","7번이 6번에게 쪽지 보냄5");
insert into sms_msg(send_id, recv_id, titl, cont)
values(7, 6, "제목3","7번이 6번에게 쪽지 보냄6");
insert into sms_msg(send_id, recv_id, titl, cont)
values(7, 6, "제목4","7번이 6번에게 쪽지 보냄7");
insert into sms_msg(send_id, recv_id, titl, cont)
values(7, 6, "제목5","7번이 6번에게 쪽지 보냄8");
insert into sms_msg(send_id, recv_id, titl, cont)
values(2, 6, "제목6","7번이 6번에게 쪽지 보냄1");
insert into sms_msg(send_id, recv_id, titl, cont)
values(3, 6, "제목7","7번이 6번에게 쪽지 보냄1");
insert into sms_msg(send_id, recv_id, titl, cont)
values(4, 6, "제목8","7번이 6번에게 쪽지 보냄1");
insert into sms_msg(send_id, recv_id, titl, cont)
values(5, 6, "제목4","7번이 6번에게 쪽지 보냄1");
insert into sms_msg(send_id, recv_id, titl, cont)
values(2, 6, "제목5","7번이 6번에게 쪽지 보냄1");
insert into sms_msg(send_id, recv_id, titl, cont)
values(4, 6, "제목6","7번이 6번에게 쪽지 보냄1");
insert into sms_msg(send_id, recv_id, titl, cont)
values(2, 6, "제목7","7번이 6번에게 쪽지 보냄1");
insert into sms_msg(send_id, recv_id, titl, cont)
values(5, 6, "제목8","7번이 6번에게 쪽지 보냄1");

insert into sms_msg(send_id, recv_id, titl, cont) values(6, 5, "제목1","6번이 5번에게 쪽지 보냄1");
insert into sms_msg(send_id, recv_id, titl, cont) values(6, 5, "제목2","6번이 5번에게 쪽지 보냄2");
insert into sms_msg(send_id, recv_id, titl, cont) values(6, 5, "제목3","6번이 5번에게 쪽지 보냄3");
insert into sms_msg(send_id, recv_id, titl, cont) values(6, 7, "제목1","6번이 7번에게 쪽지 보냄1");
insert into sms_msg(send_id, recv_id, titl, cont) values(6, 7, "제목2","6번이 7번에게 쪽지 보냄2");
insert into sms_msg(send_id, recv_id, titl, cont) values(6, 7, "제목3","6번이 7번에게 쪽지 보냄3");
insert into sms_msg(send_id, recv_id, titl, cont) values(6, 7, "제목4","6번이 7번에게 쪽지 보냄4");
insert into sms_msg(send_id, recv_id, titl, cont) values(6, 4, "제목입니다.","6번이 4번에게 쪽지 보냄");
insert into sms_msg(send_id, recv_id, titl, cont) values(6, 4, "제목입니다.","6번이 4번에게 쪽지 보냄");

-- 마이스터디 캘린더 
insert into sms_std_schdl(name, std_id, member_id, schdl_sdt, schdl_edt, memo)
values('캘린더..', 1, 2, '2019-05-29T00:00', '2019-05-31T18:00', '캘린더 뼈대 완성');

insert into sms_std_schdl(name, std_id, member_id, schdl_sdt, schdl_edt, memo)
values('DB모델링', 1, 2, '2019-05-01T00:00', '2019-05-01T18:00', '모델링 1차 끝내기');

insert into sms_std_schdl(name, std_id, member_id, schdl_sdt, schdl_edt, memo)
values('DB모델링 리뷰', 1, 2, '2019-05-03T00:00', '2019-05-03T18:00', '강사님의 피드백을 잘 듣고 수정하기');

insert into sms_std_schdl(name, std_id, member_id, schdl_sdt, schdl_edt, memo)
values('프로젝트 완성하기', 1, 2, '2019-06-17T00:00', '2019-06-28T18:00', '버그잡기, 디자인 수정, PPT만들기');

insert into sms_std_schdl(name, std_id, member_id, schdl_sdt, schdl_edt, memo)
values('지환 예비군', 1, 2, '2019-06-12T13:00', '2019-06-14T18:00', '예비군 훈련으로 인해 학원 빠짐');

insert into sms_std_schdl(space_bkng_id, name, std_id, member_id, schdl_sdt, schdl_edt, memo)
values(14 ,'공간!!', 1, 2, '2019-06-06T13:00', '2019-06-06T18:00', '공간예약 test');

insert into sms_std_schdl(space_bkng_id, name, std_id, member_id, schdl_sdt, schdl_edt, memo)
values(15 ,'공간 2!!', 1, 2, '2019-06-06T13:00', '2019-06-06T18:00', '공간예약 test');

insert into sms_std_schdl(name, std_id, member_id, schdl_sdt, schdl_edt, memo)
values('일정 1', 2, 2, '2019-06-12T13:00', '2019-06-14T18:00', '일정 2');

insert into sms_std_schdl(name, std_id, member_id, schdl_sdt, schdl_edt, memo)
values('일정 2', 2, 2, '2019-06-20T13:00', '2019-06-21T18:00', '일정 3');

insert into sms_std_schdl(name, std_id, member_id, schdl_sdt, schdl_edt, memo)
values('일정 3', 2, 2, '2019-06-5T13:00', '2019-06-6T18:00', '일정 4');


-- 스터디 게시판
insert into sms_std_board(std_id, member_id, ntc, title, cont) values(1, 2, 1, "공지사항1", "내용1");
insert into sms_std_board(std_id, member_id, ntc, title, cont) values(1, 2, 1, "공지사항2", "내용2");
insert into sms_std_board(std_id, member_id, title, cont) values(1, 3, '상민짱', '내용작성1');
insert into sms_std_board(std_id, member_id, title, cont) values(1, 3, '게시판작성2', '내용작성2');
insert into sms_std_board(std_id, member_id, title, cont) values(1, 4, '상민짱', '내용작성3');
insert into sms_std_board(std_id, member_id, title, cont) values(1, 4, '게시판작성4', '내용작성4');
insert into sms_std_board(std_id, member_id, title, cont) values(1, 5, '게시판작성5', '내용작성5');
insert into sms_std_board(std_id, member_id, title, cont) values(1, 5, '게시판작성6', '내용작성6');
insert into sms_std_board(std_id, member_id, title, cont) values(1, 6, '상민짱', '내용작성7');
insert into sms_std_board(std_id, member_id, title, cont) values(1, 6, '게시판작성8', '내용작성8');
insert into sms_std_board(std_id, member_id, title, cont) values(1, 7, '상민짱', '내용작성9');
insert into sms_std_board(std_id, member_id, title, cont) values(1, 7, '게시판작성10', '내용작성10');
insert into sms_std_board(std_id, member_id, title, cont) values(1, 3, '상민짱', '내용작성11');
insert into sms_std_board(std_id, member_id, title, cont) values(1, 3, '게시판작성12', '내용작성12');
insert into sms_std_board(std_id, member_id, title, cont) values(1, 4, '게시판작성13', '내용작성13');
insert into sms_std_board(std_id, member_id, title, cont) values(1, 5, '상민짱', '내용작성14');
insert into sms_std_board(std_id, member_id, title, cont) values(1, 6, '게시판작성15', '내용작성15');
insert into sms_std_board(std_id, member_id, title, cont) values(1, 7, '게시판작성16', '내용작성16');
insert into sms_std_board(std_id, member_id, ntc, title, cont) values(1, 2, 1, "공지사항3", "내용3");
insert into sms_std_board(std_id, member_id, title, cont) values(1, 3, '게시판작성1', '내용작성1');
insert into sms_std_board(std_id, member_id, ntc, title, cont) values(1, 2, 1, "공지사항 최상단 테스트", "공지사항입니다.");

-- 탈퇴 추방 완료 분류
insert into sms_end_state_cls(end_state_cls_id, name) values(1, "완료");
insert into sms_end_state_cls(end_state_cls_id, name) values(2, "탈퇴");
insert into sms_end_state_cls(end_state_cls_id, name) values(3, "추방");


